datetime,CellID,countrycode,smsin,smsout,callin,callout,internet,hour,dayofweek,is_weekend,month,is_night,log1p_smsin,log1p_smsout,log1p_callin,log1p_callout,log1p_internet,total_sms,total_call,total_traffic,ratio_sms_out_in,ratio_call_out_in,ratio_sms_call,internet_per_sms,internet_per_call,share_sms,share_call,share_data,any_sms,any_call,any_data,weekend_sms,weekend_call,weekend_data,night_sms,night_call,night_data,y_country,y_international
2013-01-11 00:00:00,1,0,0.3521,0.0,0.0,0.0273,0.0,0,4,0,1,1,0.3016589393825752,0.0,0.0,0.0269340012400809,0.0,0.3521,0.0273,0.3794,0.0,27300.000000000004,12.896963481191165,0.0,0.0,0.9280418343652231,0.07195552990108092,0.0,1,1,0,0.0,0.0,0.0,0.3521,0.0273,0.0,0,0
2013-01-11 00:00:00,1,33,0.0,0.0,0.0,0.0,0.0261,0,4,0,1,1,0.0,0.0,0.0,0.0,0.0257652078860264,0.0,0.0,0.0261,0.0,0.0,0.0,26100.000000000004,26100.000000000004,0.0,0.0,0.9999616872916746,0,0,1,0.0,0.0,0.0,0.0,0.0,0.0261,33,1
2013-01-11 00:00:00,1,39,1.7322,1.1047,0.5919,0.402,57.7729,0,4,0,1,1,1.0051071454712497,0.7441729391629891,0.4649282713789531,0.3378997886123984,4.073680864311002,2.8369,0.9939,61.6037,0.6377435413095824,0.6791676310734397,2.8543084270968637,20.364792426665577,58.12741912926941,0.046050804642402896,0.016133770923925497,0.9378154082008806,1,1,1,0.0,0.0,0.0,2.8369,0.9939,57.7729,39,1
2013-01-11 00:00:00,2,0,0.3581,0.0,0.0,0.0273,0.0,0,4,0,1,1,0.3060866641278855,0.0,0.0,0.0269340012400809,0.0,0.3581,0.0273,0.38539999999999996,0.0,27300.000000000004,13.116735650708764,0.0,0.0,0.9291620935078011,0.0708353117921334,0.0,1,1,0,0.0,0.0,0.0,0.3581,0.0273,0.0,0,0
2013-01-11 00:00:00,2,33,0.0,0.0,0.0,0.0,0.0274,0,4,0,1,1,0.0,0.0,0.0,0.0,0.0270313390510304,0.0,0.0,0.0274,0.0,0.0,0.0,27400.000000000004,27400.000000000004,0.0,0.0,0.9999635049815699,0,0,1,0.0,0.0,0.0,0.0,0.0,0.0274,33,1
2013-01-11 00:00:00,2,39,1.7334,1.088,0.602,0.4109,57.8875,0,4,0,1,1,1.005546255548563,0.7362066700203923,0.4712528486461674,0.3442277986369749,4.075628844026159,2.8214,1.0129,61.7218,0.6276678045068625,0.6825570057192596,2.785464719651773,20.517289105660627,57.15020520268023,0.045711563082872456,0.01641073305686592,0.937877687658531,1,1,1,0.0,0.0,0.0,2.8214,1.0129,57.8875,39,1
2013-01-11 00:00:00,3,0,0.3644,0.0,0.0,0.0273,0.0,0,4,0,1,1,0.3107147715623536,0.0,0.0,0.0269340012400809,0.0,0.3644,0.0273,0.3917,0.0,27300.000000000004,13.347496428702245,0.0,0.0,0.9303014288960203,0.06969601813628253,0.0,1,1,0,0.0,0.0,0.0,0.3644,0.0273,0.0,0,0
2013-01-11 00:00:00,3,33,0.0,0.0,0.0,0.0,0.0287,0,4,0,1,1,0.0,0.0,0.0,0.0,0.0282958691548473,0.0,0.0,0.0287,0.0,0.0,0.0,28700.0,28700.0,0.0,0.0,0.9999651580084318,0,0,1,0.0,0.0,0.0,0.0,0.0,0.0287,33,1
2013-01-11 00:00:00,4,0,0.3349,0.0,0.0,0.0273,0.0,0,4,0,1,1,0.2888563826795496,0.0,0.0,0.0269340012400809,0.0,0.3349,0.0273,0.36219999999999997,0.0,27300.000000000004,12.266949928574043,0.0,0.0,0.9246247249455414,0.07537251415650428,0.0,1,1,0,0.0,0.0,0.0,0.3349,0.0273,0.0,0,0
2013-01-11 00:00:00,4,33,0.0,0.0,0.0,0.0,0.0226,0,4,0,1,1,0.0,0.0,0.0,0.0,0.0223484036637618,0.0,0.0,0.0226,0.0,0.0,0.0,22600.0,22600.0,0.0,0.0,0.9999557541701695,0,0,1,0.0,0.0,0.0,0.0,0.0,0.0226,33,1
2013-01-11 00:00:00,4,39,1.7284,1.1533,0.5627,0.3763,57.4408,0,4,0,1,1,1.0037153567984272,0.7670015491304253,0.4464150944371184,0.3193987390033498,4.068014276042738,2.8817,0.9390000000000001,61.261500000000005,0.6672641360425041,0.6687388151078459,3.068899820127987,19.932949324027717,61.172245822954395,0.04703933062299599,0.015327734134362787,0.9376329189191757,1,1,1,0.0,0.0,0.0,2.8817,0.9390000000000001,57.4408,39,1
2013-01-11 00:00:00,5,0,0.3178,0.0,0.0,0.0237,0.0,0,4,0,1,1,0.2759636794975825,0.0,0.0,0.023423514943588,0.0,0.3178,0.0237,0.3415,0.0,23700.0,13.408716931775032,0.0,0.0,0.9305975677962877,0.06939950395460043,0.0,1,1,0,0.0,0.0,0.0,0.3178,0.0237,0.0,0,0
2013-01-11 00:00:00,5,33,0.0,0.0,0.0,0.0,0.0217,0,4,0,1,1,0.0,0.0,0.0,0.0,0.0214679066152409,0.0,0.0,0.0217,0.0,0.0,0.0,21700.0,21700.0,0.0,0.0,0.9999539191742316,0,0,1,0.0,0.0,0.0,0.0,0.0,0.0217,33,1
2013-01-11 00:00:00,5,39,1.553,1.0439,0.511,0.3503,52.1497,0,4,0,1,1,0.9372691382593468,0.7148597474655951,0.4127716832906025,0.3003267899848596,3.973112460369393,2.5968999999999998,0.8613,55.6079,0.672182439032557,0.6855172494770069,3.015089962742409,20.081512541294416,60.54759021526737,0.046700198232621656,0.015488806168029971,0.9378109776162924,1,1,1,0.0,0.0,0.0,2.5968999999999998,0.8613,52.1497,39,1
2013-01-11 00:00:00,6,0,0.3644,0.0,0.0,0.0273,0.0,0,4,0,1,1,0.3107147715623536,0.0,0.0,0.0269340012400809,0.0,0.3644,0.0273,0.3917,0.0,27300.000000000004,13.347496428702245,0.0,0.0,0.9303014288960203,0.06969601813628253,0.0,1,1,0,0.0,0.0,0.0,0.3644,0.0273,0.0,0,0
2013-01-11 00:00:00,6,33,0.0,0.0,0.0,0.0,0.0287,0,4,0,1,1,0.0,0.0,0.0,0.0,0.0282958691548473,0.0,0.0,0.0287,0.0,0.0,0.0,28700.0,28700.0,0.0,0.0,0.9999651580084318,0,0,1,0.0,0.0,0.0,0.0,0.0,0.0287,33,1
2013-01-11 00:00:00,6,39,1.7348,1.0701,0.6128,0.4203,58.0095,0,4,0,1,1,1.0060583070575018,0.7275969152891709,0.4779717988949124,0.3508681169049453,4.0776984478930345,2.8049,1.0331000000000001,61.847500000000004,0.6168430845958701,0.6858670269793946,2.7150297986353706,20.681478597640346,56.150850691268325,0.04535187282668058,0.01670398938188303,0.9379441216226344,1,1,1,0.0,0.0,0.0,2.8049,1.0331000000000001,58.0095,39,1
2013-01-11 00:00:00,7,0,0.3644,0.0,0.0,0.0273,0.0,0,4,0,1,1,0.3107147715623536,0.0,0.0,0.0269340012400809,0.0,0.3644,0.0273,0.3917,0.0,27300.000000000004,13.347496428702245,0.0,0.0,0.9303014288960203,0.06969601813628253,0.0,1,1,0,0.0,0.0,0.0,0.3644,0.0273,0.0,0,0
2013-01-11 00:00:00,7,33,0.0,0.0,0.0,0.0,0.0287,0,4,0,1,1,0.0,0.0,0.0,0.0,0.0282958691548473,0.0,0.0,0.0287,0.0,0.0,0.0,28700.0,28700.0,0.0,0.0,0.9999651580084318,0,0,1,0.0,0.0,0.0,0.0,0.0,0.0287,33,1
2013-01-11 00:00:00,7,39,1.7348,1.0701,0.6128,0.4203,58.0095,0,4,0,1,1,1.0060583070575018,0.7275969152891709,0.4779717988949124,0.3508681169049453,4.0776984478930345,2.8049,1.0331000000000001,61.847500000000004,0.6168430845958701,0.6858670269793946,2.7150297986353706,20.681478597640346,56.150850691268325,0.04535187282668058,0.01670398938188303,0.9379441216226344,1,1,1,0.0,0.0,0.0,2.8049,1.0331000000000001,58.0095,39,1
2013-01-11 00:00:00,8,0,0.3644,0.0,0.0,0.0273,0.0,0,4,0,1,1,0.3107147715623536,0.0,0.0,0.0269340012400809,0.0,0.3644,0.0273,0.3917,0.0,27300.000000000004,13.347496428702245,0.0,0.0,0.9303014288960203,0.06969601813628253,0.0,1,1,0,0.0,0.0,0.0,0.3644,0.0273,0.0,0,0
2013-01-11 00:00:00,8,33,0.0,0.0,0.0,0.0,0.0287,0,4,0,1,1,0.0,0.0,0.0,0.0,0.0282958691548473,0.0,0.0,0.0287,0.0,0.0,0.0,28700.0,28700.0,0.0,0.0,0.9999651580084318,0,0,1,0.0,0.0,0.0,0.0,0.0,0.0287,33,1
2013-01-11 00:00:00,8,39,1.7348,1.0701,0.6128,0.4203,58.0095,0,4,0,1,1,1.0060583070575018,0.7275969152891709,0.4779717988949124,0.3508681169049453,4.0776984478930345,2.8049,1.0331000000000001,61.847500000000004,0.6168430845958701,0.6858670269793946,2.7150297986353706,20.681478597640346,56.150850691268325,0.04535187282668058,0.01670398938188303,0.9379441216226344,1,1,1,0.0,0.0,0.0,2.8049,1.0331000000000001,58.0095,39,1
2013-01-11 00:00:00,9,0,0.3644,0.0,0.0,0.0273,0.0,0,4,0,1,1,0.3107147715623536,0.0,0.0,0.0269340012400809,0.0,0.3644,0.0273,0.3917,0.0,27300.000000000004,13.347496428702245,0.0,0.0,0.9303014288960203,0.06969601813628253,0.0,1,1,0,0.0,0.0,0.0,0.3644,0.0273,0.0,0,0
2013-01-11 00:00:00,9,33,0.0,0.0,0.0,0.0,0.0287,0,4,0,1,1,0.0,0.0,0.0,0.0,0.0282958691548473,0.0,0.0,0.0287,0.0,0.0,0.0,28700.0,28700.0,0.0,0.0,0.9999651580084318,0,0,1,0.0,0.0,0.0,0.0,0.0,0.0287,33,1
2013-01-11 00:00:00,9,39,1.7348,1.0701,0.6128,0.4203,58.0095,0,4,0,1,1,1.0060583070575018,0.7275969152891709,0.4779717988949124,0.3508681169049453,4.0776984478930345,2.8049,1.0331000000000001,61.847500000000004,0.6168430845958701,0.6858670269793946,2.7150297986353706,20.681478597640346,56.150850691268325,0.04535187282668058,0.01670398938188303,0.9379441216226344,1,1,1,0.0,0.0,0.0,2.8049,1.0331000000000001,58.0095,39,1
2013-01-11 00:00:00,10,0,0.304,0.0,0.0,0.0102,0.0,0,4,0,1,1,0.2654364635044612,0.0,0.0,0.0101483310518151,0.0,0.304,0.0102,0.3142,0.0,10200.000000000002,29.800999901970393,0.0,0.0,0.9675335215355777,0.03246329578836478,0.0,1,1,0,0.0,0.0,0.0,0.304,0.0102,0.0,0,0
2013-01-11 00:00:00,10,33,0.0,0.0,0.0,0.0,0.0287,0,4,0,1,1,0.0,0.0,0.0,0.0,0.0282958691548473,0.0,0.0,0.0287,0.0,0.0,0.0,28700.0,28700.0,0.0,0.0,0.9999651580084318,0,0,1,0.0,0.0,0.0,0.0,0.0,0.0287,33,1
2013-01-11 00:00:00,10,39,0.9149,0.499,0.4043,0.3287,33.5432,0,4,0,1,1,0.6496654019479843,0.4047982191204606,0.3395389579919975,0.2842010206151251,3.5422107146344337,1.4139,0.733,35.6901,0.5454142032853827,0.8130081300813009,1.9289196058395552,23.723867512647633,45.761465536881936,0.039616026864143644,0.020537907696030335,0.9398460374208524,1,1,1,0.0,0.0,0.0,1.4139,0.733,33.5432,39,1
2013-01-11 00:00:00,11,0,0.1943,0.0,0.0,0.0,0.0,0,4,0,1,1,0.1775602396922441,0.0,0.0,0.0,0.0,0.1943,0.0,0.1943,0.0,0.0,194300.0,0.0,0.0,0.9999948533460971,0.0,0.0,1,0,0,0.0,0.0,0.0,0.1943,0.0,0.0,0,0
2013-01-11 00:00:00,11,33,0.0,0.0,0.0,0.0,0.0181,0,4,0,1,1,0.0,0.0,0.0,0.0,0.0179381451310129,0.0,0.0,0.0181,0.0,0.0,0.0,18100.000000000004,18100.000000000004,0.0,0.0,0.9999447544334567,0,0,1,0.0,0.0,0.0,0.0,0.0,0.0181,33,1
2013-01-11 00:00:00,11,39,0.3949,0.2006,0.2224,0.1991,18.0073,0,4,0,1,1,0.3328227281160524,0.1828214318356056,0.200816139430119,0.1815712754032504,2.944823115902792,0.5954999999999999,0.4215,19.0243,0.507975416623407,0.895229787635847,1.412808036042619,30.238908079079636,42.721844076289266,0.03130206991573566,0.022155873164538344,0.9465420043553768,1,1,1,0.0,0.0,0.0,0.5954999999999999,0.4215,18.0073,39,1
2013-01-11 00:00:00,11,64,0.0,0.0,0.0092,0.0,0.0,0,4,0,1,1,0.0,0.0,0.0091579377847656,0.0,0.0,0.0,0.0092,0.0092,0.0,0.0,0.0,0.0,0.0,0.0,0.9998913161612869,0.0,0,1,0,0.0,0.0,0.0,0.0,0.0092,0.0,64,1
2013-01-11 00:00:00,12,0,0.0723,0.0,0.0,0.0,0.0,0,4,0,1,1,0.0698058742439629,0.0,0.0,0.0,0.0,0.0723,0.0,0.0723,0.0,0.0,72300.0,0.0,0.0,0.9999861689326566,0.0,0.0,1,0,0,0.0,0.0,0.0,0.0723,0.0,0.0,0,0
2013-01-11 00:00:00,12,39,0.5785,0.4708,0.1684,0.1852,15.7121,0,4,0,1,1,0.4564750290159093,0.3858064704449799,0.1556352915314488,0.1699115367172731,2.8161330079606324,1.0493000000000001,0.3536,17.115,0.8138274609724097,1.0997559396915695,2.967468983402197,14.973873083128673,44.434546282391736,0.06130878987386563,0.020660238348802904,0.9180309133490556,1,1,1,0.0,0.0,0.0,1.0493000000000001,0.3536,15.7121,39,1
2013-01-11 00:00:00,12,46,0.0,0.0,0.0,0.0,0.0177,0,4,0,1,1,0.0,0.0,0.0,0.0,0.0175451792157488,0.0,0.0,0.0177,0.0,0.0,0.0,17700.0,17700.0,0.0,0.0,0.9999435060166092,0,0,1,0.0,0.0,0.0,0.0,0.0,0.0177,46,1
2013-01-11 00:00:00,12,64,0.0,0.0,0.0191,0.0,0.0,0,4,0,1,1,0.0,0.0,0.0189198848525108,0.0,0.0,0.0,0.0191,0.0191,0.0,0.0,0.0,0.0,0.0,0.0,0.999947646720067,0.0,0,1,0,0.0,0.0,0.0,0.0,0.0191,0.0,64,1
2013-01-11 00:00:00,13,0,0.0327,0.0,0.0,0.0,0.0,0,4,0,1,1,0.0321767316952212,0.0,0.0,0.0,0.0,0.0327,0.0,0.0327,0.0,0.0,32700.0,0.0,0.0,0.999969419895416,0.0,0.0,1,0,0,0.0,0.0,0.0,0.0327,0.0,0.0,0,0
2013-01-11 00:00:00,13,32,0.0006,0.0,0.0,0.0,0.0,0,4,0,1,1,0.0005998200719676,0.0,0.0,0.0,0.0,0.0006,0.0,0.0006,0.0,0.0,600.0,0.0,0.0,0.9983361064891847,0.0,0.0,1,0,0,0.0,0.0,0.0,0.0006,0.0,0.0,32,1
2013-01-11 00:00:00,13,39,0.2454,0.2079,0.0887,0.054,9.4991,0,4,0,1,1,0.2194567634562145,0.1888833146290956,0.0849843239049972,0.0525924501191705,2.351289539204084,0.45330000000000004,0.1427,10.0951,0.8471848117978329,0.6087868231474278,3.1765719931885554,20.955391671317734,66.56645713765145,0.044902968281347565,0.01413556932218905,0.9409613633385144,1,1,1,0.0,0.0,0.0,0.45330000000000004,0.1427,9.4991,39,1
2013-01-11 00:00:00,13,46,0.0,0.0,0.0,0.0,0.0028,0,4,0,1,1,0.0,0.0,0.0,0.0,0.0027960873020012,0.0,0.0,0.0028,0.0,0.0,0.0,2800.0,2800.0,0.0,0.0,0.9996429846483398,0,0,1,0.0,0.0,0.0,0.0,0.0,0.0028,46,1
2013-01-11 00:00:00,13,64,0.0,0.0,0.0171,0.0,0.0,0,4,0,1,1,0.0,0.0,0.0169554406494134,0.0,0.0,0.0,0.0171,0.0171,0.0,0.0,0.0,0.0,0.0,0.0,0.9999415238874919,0.0,0,1,0,0.0,0.0,0.0,0.0,0.0171,0.0,64,1
2013-01-11 00:00:00,14,0,0.0715,0.0,0.0,0.0,0.0,0,4,0,1,1,0.0690595359314946,0.0,0.0,0.0,0.0,0.0715,0.0,0.0715,0.0,0.0,71500.0,0.0,0.0,0.9999860141816198,0.0,0.0,1,0,0,0.0,0.0,0.0,0.0715,0.0,0.0,0,0
2013-01-11 00:00:00,14,39,0.3164,0.2418,0.1149,0.0751,15.3484,0,4,0,1,1,0.2749007380870478,0.2165619399486553,0.1087647147913887,0.0724136805090453,2.7941300332275087,0.5582,0.19,16.0966,0.7642200877999753,0.6536061479012367,2.937879274319609,27.496188648891703,80.78062747038173,0.034678128631007256,0.011803734216931885,0.9535180750271439,1,1,1,0.0,0.0,0.0,0.5582,0.19,15.3484,39,1
2013-01-11 00:00:00,14,46,0.0,0.0,0.0,0.0,0.0061,0,4,0,1,1,0.0,0.0,0.0,0.0,0.0060814703158679,0.0,0.0,0.0061,0.0,0.0,0.0,6100.000000000001,6100.000000000001,0.0,0.0,0.9998360924438616,0,0,1,0.0,0.0,0.0,0.0,0.0,0.0061,46,1
2013-01-11 00:00:00,14,64,0.0,0.0,0.0212,0.0,0.0,0,4,0,1,1,0.0,0.0,0.0209784063851917,0.0,0.0,0.0,0.0212,0.0212,0.0,0.0,0.0,0.0,0.0,0.0,0.9999528324135654,0.0,0,1,0,0.0,0.0,0.0,0.0,0.0212,0.0,64,1
2013-01-11 00:00:00,15,0,0.0676,0.0,0.0,0.0,0.0,0,4,0,1,1,0.065413138548232,0.0,0.0,0.0,0.0,0.0676,0.0,0.0676,0.0,0.0,67600.0,0.0,0.0,0.9999852073194183,0.0,0.0,1,0,0,0.0,0.0,0.0,0.0676,0.0,0.0,0,0
2013-01-11 00:00:00,15,39,0.3384,0.2708,0.1229,0.0701,16.288,0,4,0,1,1,0.2914748706904771,0.239646623413224,0.1159146245963559,0.0677521020508184,2.850012619204585,0.6092,0.193,17.0902,0.8002340418615785,0.57037778374464,3.1564603292210918,26.73665998578466,84.39334511220149,0.035646157701714566,0.011293021070963414,0.9530607627142594,1,1,1,0.0,0.0,0.0,0.6092,0.193,16.288,39,1
2013-01-11 00:00:00,15,64,0.0,0.0,0.0251,0.0,0.0,0,4,0,1,1,0.0,0.0,0.0247901688072187,0.0,0.0,0.0,0.0251,0.0251,0.0,0.0,0.0,0.0,0.0,0.0,0.9999601609497629,0.0,0,1,0,0.0,0.0,0.0,0.0,0.0251,0.0,64,1
2013-01-11 00:00:00,16,0,0.0488,0.0,0.0,0.0288,0.0,0,4,0,1,1,0.047646653467353,0.0,0.0,0.0283930745012178,0.0,0.0488,0.0288,0.0776,0.0,28800.0,1.694385611610708,0.0,0.0,0.628857875542841,0.37112923802528314,0.0,1,1,0,0.0,0.0,0.0,0.0488,0.0288,0.0,0,0
2013-01-11 00:00:00,16,39,0.4531,0.37,0.0949,0.119,18.2183,0,4,0,1,1,0.3736992053445131,0.3148107398400335,0.0906630348972421,0.1124354293297881,2.9558629500985183,0.8230999999999999,0.21389999999999998,19.2553,0.8165949755131858,1.2539383146647558,3.848041851136741,22.13373571408612,85.1716448263449,0.04274667012476201,0.011108629254873761,0.9461446486866136,1,1,1,0.0,0.0,0.0,0.8230999999999999,0.21389999999999998,18.2183,39,1
2013-01-11 00:00:00,16,46,0.0,0.0,0.0,0.0,0.0116,0,4,0,1,1,0.0,0.0,0.0,0.0,0.011533235813673,0.0,0.0,0.0116,0.0,0.0,0.0,11600.0,11600.0,0.0,0.0,0.9999138005344368,0,0,1,0.0,0.0,0.0,0.0,0.0,0.0116,46,1
2013-01-11 00:00:00,16,64,0.0,0.0,0.0119,0.0,0.0,0,4,0,1,1,0.0,0.0,0.0118297517535772,0.0,0.0,0.0,0.0119,0.0119,0.0,0.0,0.0,0.0,0.0,0.0,0.9999159734476095,0.0,0,1,0,0.0,0.0,0.0,0.0,0.0119,0.0,64,1
2013-01-11 00:00:00,17,0,0.0221,0.0,0.0,0.0602,0.0,0,4,0,1,1,0.0218593343528935,0.0,0.0,0.0584575695715686,0.0,0.0221,0.0602,0.0823,0.0,60200.0,0.36710353648610494,0.0,0.0,0.26852650636079756,0.7314613431185526,0.0,1,1,0,0.0,0.0,0.0,0.0221,0.0602,0.0,0,0
2013-01-11 00:00:00,17,39,0.5568,0.4586,0.0664,0.1792,20.1801,0,4,0,1,1,0.4426324324496035,0.3774770715679956,0.0642884898823618,0.1648362424529351,3.053062061597431,1.0154,0.24559999999999998,21.4411,0.823633578244292,2.6987545368292647,4.134347987182463,19.87402021467381,82.16619639170851,0.0473576426882183,0.011454635655137298,0.9411876750172484,1,1,1,0.0,0.0,0.0,1.0154,0.24559999999999998,20.1801,39,1
2013-01-11 00:00:00,17,46,0.0,0.0,0.0,0.0,0.0221,0,4,0,1,1,0.0,0.0,0.0,0.0,0.0218593343528935,0.0,0.0,0.0221,0.0,0.0,0.0,22100.000000000004,22100.000000000004,0.0,0.0,0.9999547531785892,0,0,1,0.0,0.0,0.0,0.0,0.0,0.0221,46,1
2013-01-11 00:00:00,18,0,0.0221,0.0,0.0,0.0602,0.0,0,4,0,1,1,0.0218593343528935,0.0,0.0,0.0584575695715686,0.0,0.0221,0.0602,0.0823,0.0,60200.0,0.36710353648610494,0.0,0.0,0.26852650636079756,0.7314613431185526,0.0,1,1,0,0.0,0.0,0.0,0.0221,0.0602,0.0,0,0
2013-01-11 00:00:00,18,39,0.5568,0.4586,0.0664,0.1807,20.1801,0,4,0,1,1,0.4426324324496035,0.3774770715679956,0.0642884898823618,0.166107482930927,3.053062061597431,1.0154,0.2471,21.4426,0.823633578244292,2.7213445580638846,4.109250873124755,19.87402021467381,81.66741534837982,0.04735432982220767,0.011523788555315653,0.9411218349863433,1,1,1,0.0,0.0,0.0,1.0154,0.2471,20.1801,39,1
2013-01-11 00:00:00,18,46,0.0,0.0,0.0,0.0,0.0221,0,4,0,1,1,0.0,0.0,0.0,0.0,0.0218593343528935,0.0,0.0,0.0221,0.0,0.0,0.0,22100.000000000004,22100.000000000004,0.0,0.0,0.9999547531785892,0,0,1,0.0,0.0,0.0,0.0,0.0,0.0221,46,1
2013-01-11 00:00:00,19,0,0.0221,0.0,0.0,0.0602,0.0,0,4,0,1,1,0.0218593343528935,0.0,0.0,0.0584575695715686,0.0,0.0221,0.0602,0.0823,0.0,60200.0,0.36710353648610494,0.0,0.0,0.26852650636079756,0.7314613431185526,0.0,1,1,0,0.0,0.0,0.0,0.0221,0.0602,0.0,0,0
2013-01-11 00:00:00,19,39,0.5568,0.4586,0.0678,0.1772,20.1801,0,4,0,1,1,0.4426324324496035,0.3774770715679956,0.0656004570839488,0.1631387373771806,3.053062061597431,1.0154,0.245,21.4405,0.823633578244292,2.613530773882391,4.1444728797025325,19.87402021467381,82.36741890849424,0.04735896796441464,0.011426971785780565,0.9412140136091035,1,1,1,0.0,0.0,0.0,1.0154,0.245,20.1801,39,1
2013-01-11 00:00:00,19,46,0.0,0.0,0.0,0.0,0.0221,0,4,0,1,1,0.0,0.0,0.0,0.0,0.0218593343528935,0.0,0.0,0.0221,0.0,0.0,0.0,22100.000000000004,22100.000000000004,0.0,0.0,0.9999547531785892,0,0,1,0.0,0.0,0.0,0.0,0.0,0.0221,46,1
2013-01-11 00:00:00,20,0,0.0221,0.0,0.0,0.0602,0.0,0,4,0,1,1,0.0218593343528935,0.0,0.0,0.0584575695715686,0.0,0.0221,0.0602,0.0823,0.0,60200.0,0.36710353648610494,0.0,0.0,0.26852650636079756,0.7314613431185526,0.0,1,1,0,0.0,0.0,0.0,0.0221,0.0602,0.0,0,0
2013-01-11 00:00:00,20,39,0.5568,0.4586,0.0684,0.1757,20.1801,0,4,0,1,1,0.4426324324496035,0.3774770715679956,0.0661622022536687,0.1618637148915584,3.053062061597431,1.0154,0.24409999999999998,21.4396,0.823633578244292,2.5686758965512198,4.15975354463931,19.87402021467381,82.6711074514238,0.04736095601779157,0.011385473078533504,0.9412535242610158,1,1,1,0.0,0.0,0.0,1.0154,0.24409999999999998,20.1801,39,1
2013-01-11 00:00:00,20,46,0.0,0.0,0.0,0.0,0.0221,0,4,0,1,1,0.0,0.0,0.0,0.0,0.0218593343528935,0.0,0.0,0.0221,0.0,0.0,0.0,22100.000000000004,22100.000000000004,0.0,0.0,0.9999547531785892,0,0,1,0.0,0.0,0.0,0.0,0.0,0.0221,46,1
2013-01-11 00:00:00,21,0,0.0221,0.0,0.0,0.0602,0.0,0,4,0,1,1,0.0218593343528935,0.0,0.0,0.0584575695715686,0.0,0.0221,0.0602,0.0823,0.0,60200.0,0.36710353648610494,0.0,0.0,0.26852650636079756,0.7314613431185526,0.0,1,1,0,0.0,0.0,0.0,0.0221,0.0602,0.0,0,0
2013-01-11 00:00:00,21,39,0.5568,0.4586,0.0669,0.1719,20.1801,0,4,0,1,1,0.4426324324496035,0.3774770715679956,0.0647572472152785,0.1586263632824196,3.053062061597431,1.0154,0.2388,21.4343,0.823633578244292,2.56946831885921,4.252075996331674,19.87402021467381,84.5059275296167,0.04737266682967641,0.011141021113774598,0.9414862654023566,1,1,1,0.0,0.0,0.0,1.0154,0.2388,20.1801,39,1
2013-01-11 00:00:00,21,46,0.0,0.0,0.0,0.0,0.0221,0,4,0,1,1,0.0,0.0,0.0,0.0,0.0218593343528935,0.0,0.0,0.0221,0.0,0.0,0.0,22100.000000000004,22100.000000000004,0.0,0.0,0.9999547531785892,0,0,1,0.0,0.0,0.0,0.0,0.0,0.0221,46,1
2013-01-11 00:00:00,22,0,0.0221,0.0,0.0,0.0602,0.0,0,4,0,1,1,0.0218593343528935,0.0,0.0,0.0584575695715686,0.0,0.0221,0.0602,0.0823,0.0,60200.0,0.36710353648610494,0.0,0.0,0.26852650636079756,0.7314613431185526,0.0,1,1,0,0.0,0.0,0.0,0.0221,0.0602,0.0,0,0
2013-01-11 00:00:00,22,39,0.5568,0.4586,0.0664,0.1646,20.1801,0,4,0,1,1,0.4426324324496035,0.3774770715679956,0.0642884898823618,0.1523776804208825,3.053062061597431,1.0154,0.23099999999999998,21.4265,0.823633578244292,2.4788783301456303,4.395651966874603,19.87402021467381,87.35936208068364,0.04738991214664494,0.010781041664245598,0.9418289995179333,1,1,1,0.0,0.0,0.0,1.0154,0.23099999999999998,20.1801,39,1
2013-01-11 00:00:00,22,46,0.0,0.0,0.0,0.0,0.0221,0,4,0,1,1,0.0,0.0,0.0,0.0,0.0218593343528935,0.0,0.0,0.0221,0.0,0.0,0.0,22100.000000000004,22100.000000000004,0.0,0.0,0.9999547531785892,0,0,1,0.0,0.0,0.0,0.0,0.0,0.0221,46,1
2013-01-11 00:00:00,23,0,0.0221,0.0,0.0,0.0557,0.0,0,4,0,1,1,0.0218593343528935,0.0,0.0,0.0542040540135121,0.0,0.0221,0.0557,0.07780000000000001,0.0,55700.0,0.39676127897165225,0.0,0.0,0.2840580455264071,0.7159291011683654,0.0,1,1,0,0.0,0.0,0.0,0.0221,0.0557,0.0,0,0
2013-01-11 00:00:00,23,39,0.5681,0.483,0.0747,0.1721,20.7411,0,4,0,1,1,0.4498646954048488,0.394067063155795,0.0720415528649705,0.1587970117469975,3.07920447838911,1.0511,0.24680000000000002,22.038999999999998,0.8502009325806501,2.303851354064872,4.258896844016029,19.732737386797275,84.03977293446947,0.04769272436622694,0.011198329724654944,0.9411089005350106,1,1,1,0.0,0.0,0.0,1.0511,0.24680000000000002,20.7411,39,1
2013-01-11 00:00:00,23,46,0.0,0.0,0.0,0.0,0.0221,0,4,0,1,1,0.0,0.0,0.0,0.0,0.0218593343528935,0.0,0.0,0.0221,0.0,0.0,0.0,22100.000000000004,22100.000000000004,0.0,0.0,0.9999547531785892,0,0,1,0.0,0.0,0.0,0.0,0.0,0.0221,46,1
2013-01-11 00:00:00,24,0,0.0221,0.0,0.0,0.0231,0.0,0,4,0,1,1,0.0218593343528935,0.0,0.0,0.0228372339027572,0.0,0.0221,0.0231,0.045200000000000004,0.0,23100.0,0.9566685424873382,0.0,0.0,0.4889272361230946,0.5110506404725559,0.0,1,1,0,0.0,0.0,0.0,0.0221,0.0231,0.0,0,0
2013-01-11 00:00:00,24,39,0.6495,0.6595,0.1344,0.2264,24.7979,0,4,0,1,1,0.500472211686499,0.5065163521778923,0.126103876795726,0.2040830485754673,3.2502930932659533,1.309,0.3608,26.467699999999997,1.0153948954659038,1.6845112759577683,3.6280387249481016,18.944141371931725,68.73013101404929,0.04945650549702069,0.01363170907817041,0.9369117476429102,1,1,1,0.0,0.0,0.0,1.309,0.3608,24.7979,39,1
2013-01-11 00:00:00,24,46,0.0,0.0,0.0,0.0,0.0221,0,4,0,1,1,0.0,0.0,0.0,0.0,0.0218593343528935,0.0,0.0,0.0221,0.0,0.0,0.0,22100.000000000004,22100.000000000004,0.0,0.0,0.9999547531785892,0,0,1,0.0,0.0,0.0,0.0,0.0,0.0221,46,1
2013-01-11 00:00:00,25,0,0.0221,0.0,0.0,0.0221,0.0,0,4,0,1,1,0.0218593343528935,0.0,0.0,0.0218593343528935,0.0,0.0221,0.0221,0.0442,0.0,22100.000000000004,0.9999547531785892,0.0,0.0,0.49998868803873214,0.49998868803873214,0.0,1,1,0,0.0,0.0,0.0,0.0221,0.0221,0.0,0,0
2013-01-11 00:00:00,25,39,0.6519,0.6646,0.1361,0.228,24.9137,0,4,0,1,1,0.501926140578958,0.5095848543298577,0.1276013445937218,0.2053868297249507,3.2547717863857297,1.3165,0.3641,26.594299999999997,1.019479951710459,1.6752264862124453,3.615754969088248,18.924178561201245,68.42524464365657,0.04950308714637772,0.013690903175082512,0.9368059720764986,1,1,1,0.0,0.0,0.0,1.3165,0.3641,24.9137,39,1
2013-01-11 00:00:00,25,46,0.0,0.0,0.0,0.0,0.0221,0,4,0,1,1,0.0,0.0,0.0,0.0,0.0218593343528935,0.0,0.0,0.0221,0.0,0.0,0.0,22100.000000000004,22100.000000000004,0.0,0.0,0.9999547531785892,0,0,1,0.0,0.0,0.0,0.0,0.0,0.0221,46,1
2013-01-11 00:00:00,26,0,0.0221,0.0,0.0,0.0221,0.0,0,4,0,1,1,0.0218593343528935,0.0,0.0,0.0218593343528935,0.0,0.0221,0.0221,0.0442,0.0,22100.000000000004,0.9999547531785892,0.0,0.0,0.49998868803873214,0.49998868803873214,0.0,1,1,0,0.0,0.0,0.0,0.0221,0.0221,0.0,0,0
2013-01-11 00:00:00,26,39,0.6519,0.6646,0.1361,0.228,24.9137,0,4,0,1,1,0.501926140578958,0.5095848543298577,0.1276013445937218,0.2053868297249507,3.2547717863857297,1.3165,0.3641,26.594299999999997,1.019479951710459,1.6752264862124453,3.615754969088248,18.924178561201245,68.42524464365657,0.04950308714637772,0.013690903175082512,0.9368059720764986,1,1,1,0.0,0.0,0.0,1.3165,0.3641,24.9137,39,1
2013-01-11 00:00:00,26,46,0.0,0.0,0.0,0.0,0.0221,0,4,0,1,1,0.0,0.0,0.0,0.0,0.0218593343528935,0.0,0.0,0.0221,0.0,0.0,0.0,22100.000000000004,22100.000000000004,0.0,0.0,0.9999547531785892,0,0,1,0.0,0.0,0.0,0.0,0.0,0.0221,46,1
2013-01-11 00:00:00,27,0,0.0344,0.0,0.0,0.0245,0.0,0,4,0,1,1,0.0338215484755106,0.0,0.0,0.0242046886968173,0.0,0.0344,0.0245,0.0589,0.0,24500.000000000004,1.4040243255377332,0.0,0.0,0.5840308313950527,0.41595219096449976,0.0,1,1,0,0.0,0.0,0.0,0.0344,0.0245,0.0,0,0
2013-01-11 00:00:00,27,39,0.5855,0.6157,0.1383,0.2276,25.6606,0,4,0,1,1,0.460899814996265,0.4797682993006478,0.1295359213490339,0.205061043763444,3.283186820123721,1.2012,0.3659,27.2277,1.0515780502509815,1.645685859104417,3.28285519853731,21.36245307821089,70.12989852446427,0.044116835277425735,0.013438519836838227,0.9424446081584339,1,1,1,0.0,0.0,0.0,1.2012,0.3659,25.6606,39,1
2013-01-11 00:00:00,27,46,0.0,0.0,0.0,0.0,0.0146,0,4,0,1,1,0.0,0.0,0.0,0.0,0.0144944461504525,0.0,0.0,0.0146,0.0,0.0,0.0,14600.0,14600.0,0.0,0.0,0.9999315115403055,0,0,1,0.0,0.0,0.0,0.0,0.0,0.0146,46,1
2013-01-11 00:00:00,28,0,0.0561,0.0,0.0,0.028,0.0,0,4,0,1,1,0.0545828777702917,0.0,0.0,0.0276151670329733,0.0,0.0561,0.028,0.0841,0.0,28000.000000000004,2.0034998750044637,0.0,0.0,0.6670550885245122,0.33293302101045175,0.0,1,1,0,0.0,0.0,0.0,0.0561,0.028,0.0,0,0
2013-01-11 00:00:00,28,39,0.484,0.5276,0.1353,0.2109,27.7765,0,4,0,1,1,0.3947411447451887,0.423697876369224,0.1268969331883509,0.1913638847781835,3.359559081833139,1.0116,0.3462,29.1343,1.0900803923958835,1.5587467941848174,2.9220019583998895,27.457960203677143,80.23229280100288,0.03472195883470827,0.011882900502744171,0.9533951063387448,1,1,1,0.0,0.0,0.0,1.0116,0.3462,27.7765,39,1
2013-01-11 00:00:00,28,46,0.0,0.0,0.0,0.0,0.0036,0,4,0,1,1,0.0,0.0,0.0,0.0,0.0035935355101301,0.0,0.0,0.0036,0.0,0.0,0.0,3600.0,3600.0,0.0,0.0,0.9997222993612885,0,0,1,0.0,0.0,0.0,0.0,0.0,0.0036,46,1
2013-01-11 00:00:00,29,0,0.0751,0.0,0.0,0.0292,0.0,0,4,0,1,1,0.0724136805090453,0.0,0.0,0.028781801425452,0.0,0.0751,0.0292,0.1043,0.0,29200.0,2.571829731858498,0.0,0.0,0.7200314474453744,0.27995896491884065,0.0,1,1,0,0.0,0.0,0.0,0.0751,0.0292,0.0,0,0
2013-01-11 00:00:00,29,39,0.4371,0.4447,0.1136,0.1522,31.836,0,4,0,1,1,0.3626271940980641,0.3679016875531986,0.1075980105980181,0.1416731583161457,3.49152547448602,0.8817999999999999,0.26580000000000004,32.983599999999996,1.0173849979752965,1.339776938583287,3.3175194976693088,36.10338387005685,119.7738157493764,0.026734497546220017,0.008058550065531052,0.9652069220701526,1,1,1,0.0,0.0,0.0,0.8817999999999999,0.26580000000000004,31.836,39,1
2013-01-11 00:00:00,30,0,0.0824,0.0,0.0,0.0292,0.0,0,4,0,1,1,0.0791807978744412,0.0,0.0,0.028781801425452,0.0,0.0824,0.0292,0.1116,0.0,29200.0,2.8218211705078593,0.0,0.0,0.7383446384889024,0.26164640101791203,0.0,1,1,0,0.0,0.0,0.0,0.0824,0.0292,0.0,0,0
2013-01-11 00:00:00,30,39,0.4285,0.4116,0.101,0.1197,33.8924,0,4,0,1,1,0.3566249426886907,0.3447238128189779,0.0962188577405429,0.1130607922840142,3.552269040451152,0.8401000000000001,0.2207,34.9532,0.9605578516736252,1.1851367808239521,3.8065074467265667,40.343244443227654,153.5670431941858,0.024034994677597628,0.006314157035288414,0.969650819677431,1,1,1,0.0,0.0,0.0,0.8401000000000001,0.2207,33.8924,39,1
2013-01-11 00:00:00,31,0,0.0839,0.0,0.0,0.0292,0.0,0,4,0,1,1,0.0805656478395671,0.0,0.0,0.028781801425452,0.0,0.0839,0.0292,0.1131,0.0,29200.0,2.8731892743399197,0.0,0.0,0.7418148380650922,0.2581763202801036,0.0,1,1,0,0.0,0.0,0.0,0.0839,0.0292,0.0,0,0
2013-01-11 00:00:00,31,39,0.4267,0.4048,0.0984,0.113,34.3166,0,4,0,1,1,0.3553640851386317,0.3398949438987151,0.0938545754716242,0.1070590722934077,3.5643531083615474,0.8315,0.2114,35.359500000000004,0.9486736614163079,1.148362313391124,3.933283191659453,41.27066594026947,162.32941187600815,0.023515603345194265,0.005978591157154622,0.970505777216709,1,1,1,0.0,0.0,0.0,0.8315,0.2114,34.3166,39,1
2013-01-11 00:00:00,32,0,0.2486,0.0874,0.0,0.0237,0.0,0,4,0,1,1,0.2220229236455067,0.0837895257296832,0.0,0.023423514943588,0.0,0.33599999999999997,0.0237,0.35969999999999996,0.3515673710081617,23700.0,14.176617020378886,0.0,0.0,0.9341091628880654,0.06588805702514033,0.0,1,1,0,0.0,0.0,0.0,0.33599999999999997,0.0237,0.0,0,0
2013-01-11 00:00:00,32,32,0.1166,0.0,0.0,0.0,0.0,0,4,0,1,1,0.110288353894123,0.0,0.0,0.0,0.0,0.1166,0.0,0.1166,0.0,0.0,116600.0,0.0,0.0,0.9999914237442218,0.0,0.0,1,0,0,0.0,0.0,0.0,0.1166,0.0,0.0,32,1
2013-01-11 00:00:00,32,39,0.644,0.5484,0.3021,0.2515,43.953,0,4,0,1,1,0.4971322966339881,0.437222139721356,0.2639783457525455,0.2243428318896918,3.805617499513696,1.1924000000000001,0.5536,45.699000000000005,0.8515514727461603,0.8325030370637636,2.153897843392624,36.860921787217556,79.39472652686683,0.026092474100254403,0.012114050370597816,0.9617934536468313,1,1,1,0.0,0.0,0.0,1.1924000000000001,0.5536,43.953,39,1
2013-01-11 00:00:00,33,0,0.5176,0.1818,0.0,0.0071,0.0,0,4,0,1,1,0.4171301396386673,0.1670386999294371,0.0,0.0070749136719618,0.0,0.6993999999999999,0.0071,0.7064999999999999,0.35123579745788747,7100.000000000001,98.49316997605969,0.0,0.0,0.9899490588123725,0.010049525761463892,0.0,1,1,0,0.0,0.0,0.0,0.6993999999999999,0.0071,0.0,0,0
2013-01-11 00:00:00,33,32,0.2425,0.0,0.0,0.0,0.0,0,4,0,1,1,0.2171254789886467,0.0,0.0,0.0,0.0,0.2425,0.0,0.2425,0.0,0.0,242500.0,0.0,0.0,0.9999958763056647,0.0,0.0,1,0,0,0.0,0.0,0.0,0.2425,0.0,0.0,32,1
2013-01-11 00:00:00,33,39,0.9962,0.8116,0.6323,0.5408,54.7809,0,4,0,1,1,0.691245373270349,0.5942104326999218,0.4899900631778522,0.432301762061724,4.021431516884524,1.8077999999999999,1.1730999999999998,57.7618,0.8146950264053138,0.8552888576801237,1.5410437805440456,30.302505640831047,46.69751368381752,0.0312975005748176,0.020309269788869634,0.9483932123238332,1,1,1,0.0,0.0,0.0,1.8077999999999999,1.1730999999999998,54.7809,39,1
2013-01-11 00:00:00,33,40,0.0,0.0,0.0,0.0142,0.0,0,4,0,1,1,0.0,0.0,0.0,0.0141001243787816,0.0,0.0,0.0142,0.0142,0.0,14200.000000000002,0.0,0.0,0.0,0.0,0.9999295824237731,0.0,0,1,0,0.0,0.0,0.0,0.0,0.0142,0.0,40,1
2013-01-11 00:00:00,34,0,0.5654,0.0152,0.0,0.0,0.0,0,4,0,1,1,0.4481413823886007,0.0150856374180408,0.0,0.0,0.0,0.5806,0.0,0.5806,0.02688357466647565,0.0,580600.0,0.0,0.0,0.9999982776467832,0.0,0.0,1,0,0,0.0,0.0,0.0,0.5806,0.0,0.0,0,0
2013-01-11 00:00:00,34,32,0.0203,0.0,0.0,0.0,0.0,0,4,0,1,1,0.0200967016991224,0.0,0.0,0.0,0.0,0.0203,0.0,0.0203,0.0,0.0,20300.0,0.0,0.0,0.9999507413427909,0.0,0.0,1,0,0,0.0,0.0,0.0,0.0203,0.0,0.0,32,1
2013-01-11 00:00:00,34,39,0.9476,0.9502,0.7321,0.6431,46.7024,0,4,0,1,1,0.6665978453264088,0.6679319314188815,0.5493345451940974,0.4965847014756482,3.864981711093974,1.8978000000000002,1.3752,49.9754,1.0027427155522208,0.8784307083312275,1.380016448504619,24.608691849145405,33.960417422616764,0.03797468278443629,0.027517538078383804,0.9345077591273354,1,1,1,0.0,0.0,0.0,1.8978000000000002,1.3752,46.7024,39,1
2013-01-11 00:00:00,34,40,0.0,0.0,0.0,0.0654,0.0,0,4,0,1,1,0.0,0.0,0.0,0.0633503155007617,0.0,0.0,0.0654,0.0654,0.0,65400.0,0.0,0.0,0.0,0.0,0.9999847097139187,0.0,0,1,0,0.0,0.0,0.0,0.0,0.0654,0.0,40,1
2013-01-11 00:00:00,35,0,0.4893,0.0,0.0,0.0,0.0,0,4,0,1,1,0.3983062109096849,0.0,0.0,0.0,0.0,0.4893,0.0,0.4893,0.0,0.0,489300.00000000006,0.0,0.0,0.9999979562682276,0.0,0.0,1,0,0,0.0,0.0,0.0,0.4893,0.0,0.0,0,0
2013-01-11 00:00:00,35,39,0.698,0.853,0.5562,0.5936,36.4287,0,4,0,1,1,0.5294510878891555,0.6168059473032227,0.4422469522006927,0.4659956078481967,3.6224377898143874,1.551,1.1498,39.1295,1.2220612864451483,1.0672400804745046,1.348929075553074,23.487218899278595,31.682612904319967,0.03963761255222754,0.029384478989394728,0.9309778829022124,1,1,1,0.0,0.0,0.0,1.551,1.1498,36.4287,39,1
2013-01-11 00:00:00,35,40,0.0,0.0,0.0,0.0963,0.0,0,4,0,1,1,0.0,0.0,0.0,0.0919408736983572,0.0,0.0,0.0963,0.0963,0.0,96300.0,0.0,0.0,0.0,0.0,0.9999896158918391,0.0,0,1,0,0.0,0.0,0.0,0.0,0.0963,0.0,40,1
2013-01-11 00:00:00,36,0,0.4893,0.0,0.0,0.0,0.0,0,4,0,1,1,0.3983062109096849,0.0,0.0,0.0,0.0,0.4893,0.0,0.4893,0.0,0.0,489300.00000000006,0.0,0.0,0.9999979562682276,0.0,0.0,1,0,0,0.0,0.0,0.0,0.4893,0.0,0.0,0,0
2013-01-11 00:00:00,36,39,0.698,0.853,0.5562,0.5936,36.4287,0,4,0,1,1,0.5294510878891555,0.6168059473032227,0.4422469522006927,0.4659956078481967,3.6224377898143874,1.551,1.1498,39.1295,1.2220612864451483,1.0672400804745046,1.348929075553074,23.487218899278595,31.682612904319967,0.03963761255222754,0.029384478989394728,0.9309778829022124,1,1,1,0.0,0.0,0.0,1.551,1.1498,36.4287,39,1
2013-01-11 00:00:00,36,40,0.0,0.0,0.0,0.0963,0.0,0,4,0,1,1,0.0,0.0,0.0,0.0919408736983572,0.0,0.0,0.0963,0.0963,0.0,96300.0,0.0,0.0,0.0,0.0,0.9999896158918391,0.0,0,1,0,0.0,0.0,0.0,0.0,0.0963,0.0,40,1
2013-01-11 00:00:00,37,0,0.4893,0.0,0.0,0.0,0.0,0,4,0,1,1,0.3983062109096849,0.0,0.0,0.0,0.0,0.4893,0.0,0.4893,0.0,0.0,489300.00000000006,0.0,0.0,0.9999979562682276,0.0,0.0,1,0,0,0.0,0.0,0.0,0.4893,0.0,0.0,0,0
2013-01-11 00:00:00,37,39,0.698,0.853,0.5562,0.5936,36.4287,0,4,0,1,1,0.5294510878891555,0.6168059473032227,0.4422469522006927,0.4659956078481967,3.6224377898143874,1.551,1.1498,39.1295,1.2220612864451483,1.0672400804745046,1.348929075553074,23.487218899278595,31.682612904319967,0.03963761255222754,0.029384478989394728,0.9309778829022124,1,1,1,0.0,0.0,0.0,1.551,1.1498,36.4287,39,1
2013-01-11 00:00:00,37,40,0.0,0.0,0.0,0.0963,0.0,0,4,0,1,1,0.0,0.0,0.0,0.0919408736983572,0.0,0.0,0.0963,0.0963,0.0,96300.0,0.0,0.0,0.0,0.0,0.9999896158918391,0.0,0,1,0,0.0,0.0,0.0,0.0,0.0963,0.0,40,1
2013-01-11 00:00:00,38,0,0.4893,0.0,0.0,0.0,0.0,0,4,0,1,1,0.3983062109096849,0.0,0.0,0.0,0.0,0.4893,0.0,0.4893,0.0,0.0,489300.00000000006,0.0,0.0,0.9999979562682276,0.0,0.0,1,0,0,0.0,0.0,0.0,0.4893,0.0,0.0,0,0
2013-01-11 00:00:00,38,39,0.698,0.853,0.5562,0.5936,36.4287,0,4,0,1,1,0.5294510878891555,0.6168059473032227,0.4422469522006927,0.4659956078481967,3.6224377898143874,1.551,1.1498,39.1295,1.2220612864451483,1.0672400804745046,1.348929075553074,23.487218899278595,31.682612904319967,0.03963761255222754,0.029384478989394728,0.9309778829022124,1,1,1,0.0,0.0,0.0,1.551,1.1498,36.4287,39,1
2013-01-11 00:00:00,38,40,0.0,0.0,0.0,0.0963,0.0,0,4,0,1,1,0.0,0.0,0.0,0.0919408736983572,0.0,0.0,0.0963,0.0963,0.0,96300.0,0.0,0.0,0.0,0.0,0.9999896158918391,0.0,0,1,0,0.0,0.0,0.0,0.0,0.0963,0.0,40,1
2013-01-11 00:00:00,39,0,0.5488,0.0,0.0,0.0,0.0,0,4,0,1,1,0.4374804375401755,0.0,0.0,0.0,0.0,0.5488,0.0,0.5488,0.0,0.0,548800.0,0.0,0.0,0.9999981778458858,0.0,0.0,1,0,0,0.0,0.0,0.0,0.5488,0.0,0.0,0,0
2013-01-11 00:00:00,39,39,1.0154,0.8927,0.6355,0.6532,38.968,0,4,0,1,1,0.700817686864165,0.6380043810627365,0.4919485679963015,0.5027128036554402,3.6880791339431673,1.9081000000000001,1.2887,42.16480000000001,0.8791600559778846,1.0278504675838434,1.4806382551111548,20.42239902395104,30.238201103281526,0.04525338563794004,0.030563407615750392,0.9241831830298451,1,1,1,0.0,0.0,0.0,1.9081000000000001,1.2887,38.968,39,1
2013-01-11 00:00:00,39,40,0.0,0.0,0.0,0.0963,0.0,0,4,0,1,1,0.0,0.0,0.0,0.0919408736983572,0.0,0.0,0.0963,0.0963,0.0,96300.0,0.0,0.0,0.0,0.0,0.9999896158918391,0.0,0,1,0,0.0,0.0,0.0,0.0,0.0963,0.0,40,1
2013-01-11 00:00:00,40,0,0.5413,0.0,0.0,0.0,0.0,0,4,0,1,1,0.4326262161705371,0.0,0.0,0.0,0.0,0.5413,0.0,0.5413,0.0,0.0,541300.0,0.0,0.0,0.999998152599016,0.0,0.0,1,0,0,0.0,0.0,0.0,0.5413,0.0,0.0,0,0
2013-01-11 00:00:00,40,34,0.0,0.0,0.0,0.0016,0.0,0,4,0,1,1,0.0,0.0,0.0,0.001598721363697,0.0,0.0,0.0016,0.0016,0.0,1600.0000000000002,0.0,0.0,0.0,0.0,0.999375390381012,0.0,0,1,0,0.0,0.0,0.0,0.0,0.0016,0.0,34,1
2013-01-11 00:00:00,40,39,0.9982,0.8787,0.6268,0.6453,38.4715,0,4,0,1,1,0.6922467753167811,0.6305800482911162,0.4866148950509324,0.4979227384104673,3.675578892499637,1.8769,1.2721,41.6205,0.8802836302508212,1.0295133543181967,1.4754331613606153,20.497351751637407,30.242488607429756,0.045095564803508736,0.03056426447149207,0.9243401466983783,1,1,1,0.0,0.0,0.0,1.8769,1.2721,38.4715,39,1
2013-01-11 00:00:00,40,40,0.0,0.0,0.0,0.0937,0.0,0,4,0,1,1,0.0,0.0,0.0,0.089566443359043,0.0,0.0,0.0937,0.0937,0.0,93700.00000000001,0.0,0.0,0.0,0.0,0.9999893277553068,0.0,0,1,0,0.0,0.0,0.0,0.0,0.0937,0.0,40,1
2013-01-11 00:00:00,41,0,0.5586,0.0295,0.0,0.0,0.0,0,4,0,1,1,0.4437879824273235,0.029073247485707,0.0,0.0,0.0,0.5881,0.0,0.5881,0.052810503382557494,0.0,588100.0,0.0,0.0,0.9999982996118013,0.0,0.0,1,0,0,0.0,0.0,0.0,0.5881,0.0,0.0,0,0
2013-01-11 00:00:00,41,34,0.0,0.0,0.0,0.0511,0.0,0,4,0,1,1,0.0,0.0,0.0,0.0498372348471716,0.0,0.0,0.0511,0.0511,0.0,51100.0,0.0,0.0,0.0,0.0,0.9999804309113325,0.0,0,1,0,0.0,0.0,0.0,0.0,0.0511,0.0,34,1
2013-01-11 00:00:00,41,39,1.5159,0.4739,0.6932,0.4729,43.8791,0,4,0,1,1,0.9226305924203348,0.3879119488605752,0.5266202296646316,0.3872332465133603,3.803972207537432,1.9898,1.1661000000000001,47.035000000000004,0.3126193597075271,0.6821975155835032,1.7063702029241035,22.052004195394414,37.62890178466531,0.04230466583810639,0.024792175512019232,0.9329031373891116,1,1,1,0.0,0.0,0.0,1.9898,1.1661000000000001,43.8791,39,1
2013-01-11 00:00:00,41,40,0.0,0.0,0.0,0.0367,0.0,0,4,0,1,1,0.0,0.0,0.0,0.0360425913469293,0.0,0.0,0.0367,0.0367,0.0,36700.00000000001,0.0,0.0,0.0,0.0,0.9999727527860276,0.0,0,1,0,0.0,0.0,0.0,0.0,0.0367,0.0,40,1
2013-01-11 00:00:00,42,0,0.511,0.0049,0.0,0.0,0.0,0,4,0,1,1,0.4127716832906025,0.0048880340727759,0.0,0.0,0.0,0.5159,0.0,0.5159,0.00958902233068037,0.0,515900.00000000006,0.0,0.0,0.9999980616436098,0.0,0.0,1,0,0,0.0,0.0,0.0,0.5159,0.0,0.0,0,0
2013-01-11 00:00:00,42,39,1.3641,1.5149,0.8074,1.0049,46.5894,0,4,0,1,1,0.8603973998336151,0.9222330413297845,0.5918893484857184,0.695594184202997,3.86261004736285,2.879,1.8123,51.280699999999996,1.1105482658542145,1.244610794388414,1.5885882091330303,16.18248830062928,25.70731903806266,0.05614197824635822,0.03534078054042202,0.9085172217127063,1,1,1,0.0,0.0,0.0,2.879,1.8123,46.5894,39,1
2013-01-11 00:00:00,43,0,0.468,0.0,0.0,0.0,0.0,0,4,0,1,1,0.3839009301923238,0.0,0.0,0.0,0.0,0.468,0.0,0.468,0.0,0.0,468000.00000000006,0.0,0.0,0.999997863252429,0.0,0.0,1,0,0,0.0,0.0,0.0,0.468,0.0,0.0,0,0
2013-01-11 00:00:00,43,39,1.3009,1.1481,0.8483,0.8954,39.1439,0,4,0,1,1,0.83330035074335,0.7645837304977939,0.6142662977064977,0.6394298980539574,3.69247049858868,2.449,1.7437,43.336600000000004,0.8825421765376459,1.0555215660479003,1.4044839109457412,15.98361944319337,22.448745513135567,0.056511123241991215,0.04023619665049412,0.9032526570323316,1,1,1,0.0,0.0,0.0,2.449,1.7437,39.1439,39,1
2013-01-11 00:00:00,44,0,0.3977,0.0,0.0,0.0,0.0,0,4,0,1,1,0.3348280285087237,0.0,0.0,0.0,0.0,0.3977,0.0,0.3977,0.0,0.0,397700.0,0.0,0.0,0.9999974855481882,0.0,0.0,1,0,0,0.0,0.0,0.0,0.3977,0.0,0.0,0,0
2013-01-11 00:00:00,44,39,1.226,0.5625,0.8623,0.6845,28.3704,0,4,0,1,1,0.8002062528533531,0.4462871026284195,0.6218122829553232,0.5214687838644706,3.379987364457248,1.7885,1.5468,31.7057,0.45880876116740527,0.7938063390857717,1.156257333684165,15.862669352714928,18.341338026029206,0.05640941356256403,0.04878617886417335,0.8948043760331935,1,1,1,0.0,0.0,0.0,1.7885,1.5468,28.3704,39,1
2013-01-11 00:00:00,45,0,0.3977,0.0,0.0,0.0,0.0,0,4,0,1,1,0.3348280285087237,0.0,0.0,0.0,0.0,0.3977,0.0,0.3977,0.0,0.0,397700.0,0.0,0.0,0.9999974855481882,0.0,0.0,1,0,0,0.0,0.0,0.0,0.3977,0.0,0.0,0,0
2013-01-11 00:00:00,45,39,1.226,0.5625,0.8623,0.6845,28.3704,0,4,0,1,1,0.8002062528533531,0.4462871026284195,0.6218122829553232,0.5214687838644706,3.379987364457248,1.7885,1.5468,31.7057,0.45880876116740527,0.7938063390857717,1.156257333684165,15.862669352714928,18.341338026029206,0.05640941356256403,0.04878617886417335,0.8948043760331935,1,1,1,0.0,0.0,0.0,1.7885,1.5468,28.3704,39,1
2013-01-11 00:00:00,46,0,0.3977,0.0,0.0,0.0,0.0,0,4,0,1,1,0.3348280285087237,0.0,0.0,0.0,0.0,0.3977,0.0,0.3977,0.0,0.0,397700.0,0.0,0.0,0.9999974855481882,0.0,0.0,1,0,0,0.0,0.0,0.0,0.3977,0.0,0.0,0,0
2013-01-11 00:00:00,46,39,1.226,0.5625,0.8623,0.6845,28.3704,0,4,0,1,1,0.8002062528533531,0.4462871026284195,0.6218122829553232,0.5214687838644706,3.379987364457248,1.7885,1.5468,31.7057,0.45880876116740527,0.7938063390857717,1.156257333684165,15.862669352714928,18.341338026029206,0.05640941356256403,0.04878617886417335,0.8948043760331935,1,1,1,0.0,0.0,0.0,1.7885,1.5468,28.3704,39,1
2013-01-11 00:00:00,47,0,1.2798,0.0023,0.0,0.0046,0.0,0,4,0,1,1,0.8240877198205412,0.0022973590486834,0.0,0.0045894523338072,0.0,1.2821,0.0046,1.2867,0.0017971544013483346,4600.0,278.65681373614433,0.0,0.0,0.9964241886809757,0.0035750341376901084,0.0,1,1,0,0.0,0.0,0.0,1.2821,0.0046,0.0,0,0
2013-01-11 00:00:00,47,33,0.0,0.0,0.0,0.0,0.0485,0,4,0,1,1,0.0,0.0,0.0,0.0,0.0473605713598375,0.0,0.0,0.0485,0.0,0.0,0.0,48500.00000000001,48500.00000000001,0.0,0.0,0.9999793818684151,0,0,1,0.0,0.0,0.0,0.0,0.0,0.0485,33,1
2013-01-11 00:00:00,47,39,5.766,3.1827,2.8819,2.1311,568.3304,0,4,0,1,1,1.9119100703585168,1.4309569710260803,1.356324724497458,1.1413843805119788,6.344460933442308,8.9487,5.013,582.2921,0.5519770114503969,0.7394771714920116,1.7850983871736712,63.50982114610825,113.37129196662838,0.015368060093262368,0.008609081234986563,0.9760228569544,1,1,1,0.0,0.0,0.0,8.9487,5.013,568.3304,39,1
2013-01-11 00:00:00,47,46,0.0,0.0,0.0,0.0,0.0108,0,4,0,1,1,0.0,0.0,0.0,0.0,0.0107420965319021,0.0,0.0,0.0108,0.0,0.0,0.0,10800.000000000002,10800.000000000002,0.0,0.0,0.9999074159800019,0,0,1,0.0,0.0,0.0,0.0,0.0,0.0108,46,1
2013-01-11 00:00:00,48,0,1.7731,0.0112,0.0,0.0223,0.0,0,4,0,1,1,1.0199658280101076,0.0111377444104559,0.0,0.0220549907808313,0.0,1.7843,0.0223,1.8066,0.006316617045503895,22300.0,80.00986502847405,0.0,0.0,0.9876558243906651,0.012343622083680903,0.0,1,1,0,0.0,0.0,0.0,1.7843,0.0223,0.0,0,0
2013-01-11 00:00:00,48,33,0.0,0.0,0.0,0.0,0.0764,0,4,0,1,1,0.0,0.0,0.0,0.0,0.0736221398706136,0.0,0.0,0.0764,0.0,0.0,0.0,76400.0,76400.0,0.0,0.0,0.9999869111660842,0,0,1,0.0,0.0,0.0,0.0,0.0,0.0764,33,1
2013-01-11 00:00:00,48,39,8.6931,5.0744,4.0174,3.0763,921.7779,0,4,0,1,1,2.2714142921806624,1.804083218916887,1.6129118712456008,1.4051897142221823,6.827388577161498,13.767499999999998,7.0937,942.6391000000001,0.5837272568212426,0.76574382293428,1.9408063576403909,66.95317472648088,129.9431566117602,0.014605271503584696,0.007525361500997188,0.9778693659345666,1,1,1,0.0,0.0,0.0,13.767499999999998,7.0937,921.7779,39,1
2013-01-11 00:00:00,48,46,0.0,0.0,0.0,0.0,0.0469,0,4,0,1,1,0.0,0.0,0.0,0.0,0.0458334163431722,0.0,0.0,0.0469,0.0,0.0,0.0,46900.0,46900.0,0.0,0.0,0.9999786784929958,0,0,1,0.0,0.0,0.0,0.0,0.0,0.0469,46,1
2013-01-11 00:00:00,49,0,1.0574,0.0184,0.0,0.0367,0.0,0,4,0,1,1,0.7214430497147926,0.0182327682610597,0.0,0.0360425913469293,0.0,1.0757999999999999,0.0367,1.1124999999999998,0.017401156231174362,36700.00000000001,29.312552791477064,0.0,0.0,0.9670103667322547,0.032988734392148875,0.0,1,1,0,0.0,0.0,0.0,1.0757999999999999,0.0367,0.0,0,0
2013-01-11 00:00:00,49,33,0.0,0.0,0.0,0.0,0.1003,0,4,0,1,1,0.0,0.0,0.0,0.0,0.0955828698937299,0.0,0.0,0.1003,0.0,0.0,0.0,100300.0,100300.0,0.0,0.0,0.9999900300096709,0,0,1,0.0,0.0,0.0,0.0,0.0,0.1003,33,1
2013-01-11 00:00:00,49,39,4.0585,3.1359,2.2314,1.6472,316.28,0,4,0,1,1,1.621069996663808,1.4197049589641266,1.172915479860593,0.9735024776252654,5.759784664771486,7.1944,3.8785999999999996,327.35299999999995,0.7726744431010364,0.7381909392350366,1.8548956182912344,43.961964310857844,81.54486630617586,0.021977498229808504,0.011848371599318255,0.9661741271160671,1,1,1,0.0,0.0,0.0,7.1944,3.8785999999999996,316.28,39,1
2013-01-11 00:00:00,49,46,0.0,0.0,0.0,0.0,0.0685,0,4,0,1,1,0.0,0.0,0.0,0.0,0.0662557957770652,0.0,0.0,0.0685,0.0,0.0,0.0,68500.00000000001,68500.00000000001,0.0,0.0,0.9999854016729682,0,0,1,0.0,0.0,0.0,0.0,0.0,0.0685,46,1
2013-01-11 00:00:00,50,0,0.657,0.0271,0.0,0.0543,0.0,0,4,0,1,1,0.5050087384444258,0.0267392971896216,0.0,0.0528770396007669,0.0,0.6841,0.0543,0.7384000000000001,0.04124803463008427,54300.0,12.598294690705512,0.0,0.0,0.9264613671974983,0.07353727852481239,0.0,1,1,0,0.0,0.0,0.0,0.6841,0.0543,0.0,0,0
2013-01-11 00:00:00,50,33,0.0,0.0,0.0,0.0,0.1085,0,4,0,1,1,0.0,0.0,0.0,0.0,0.1030077500742291,0.0,0.0,0.1085,0.0,0.0,0.0,108500.0,108500.0,0.0,0.0,0.999990783495083,0,0,1,0.0,0.0,0.0,0.0,0.0,0.1085,33,1
2013-01-11 00:00:00,50,39,1.8409,1.8339,1.3488,0.8961,85.5361,0,4,0,1,1,1.04412090337892,1.0416538548308274,0.8539045594380594,0.6397991450580209,4.460561667915746,3.6748000000000003,2.2449,91.45580000000001,0.9961969709397737,0.6643678348399802,1.6369541463075656,23.276389660283645,38.10239293403139,0.04018115810936913,0.024546283291532262,0.935272547664855,1,1,1,0.0,0.0,0.0,3.6748000000000003,2.2449,85.5361,39,1
2013-01-11 00:00:00,50,46,0.0,0.0,0.0,0.0,0.1016,0,4,0,1,1,0.0,0.0,0.0,0.0,0.096763668432308,0.0,0.0,0.1016,0.0,0.0,0.0,101600.0,101600.0,0.0,0.0,0.9999901575771892,0,0,1,0.0,0.0,0.0,0.0,0.0,0.1016,46,1
2013-01-11 00:00:00,51,0,0.447,0.0315,0.0,0.063,0.0,0,4,0,1,1,0.3694924476493468,0.0310140535291694,0.0,0.0610950993598108,0.0,0.47850000000000004,0.063,0.5415000000000001,0.07046964100751453,63000.0,7.5951175378168605,0.0,0.0,0.883654877830327,0.11634327545101483,0.0,1,1,0,0.0,0.0,0.0,0.47850000000000004,0.063,0.0,0,0
2013-01-11 00:00:00,51,33,0.0,0.0,0.0,0.0,0.091,0,4,0,1,1,0.0,0.0,0.0,0.0,0.0870947068509337,0.0,0.0,0.091,0.0,0.0,0.0,91000.0,91000.0,0.0,0.0,0.999989011109768,0,0,1,0.0,0.0,0.0,0.0,0.0,0.091,33,1
2013-01-11 00:00:00,51,39,1.1771,1.3471,0.9727,0.7035,68.8968,0,4,0,1,1,0.777993715970064,0.8531805235453591,0.6794031627676861,0.5326849581188842,4.2470198685065785,2.5242,1.6762000000000001,73.0972,1.144421761599047,0.7232438334082107,1.5059053180376338,27.294498338286054,41.10294648434167,0.0345321019884195,0.02293111059067775,0.9425367737404884,1,1,1,0.0,0.0,0.0,2.5242,1.6762000000000001,68.8968,39,1
2013-01-11 00:00:00,51,46,0.0,0.0,0.0,0.0,0.1226,0,4,0,1,1,0.0,0.0,0.0,0.0,0.1156474235259618,0.0,0.0,0.1226,0.0,0.0,0.0,122600.0,122600.0,0.0,0.0,0.9999918434596782,0,0,1,0.0,0.0,0.0,0.0,0.0,0.1226,46,1
2013-01-11 00:00:00,51,49,0.0,0.0,0.0,0.0,0.0045,0,4,0,1,1,0.0,0.0,0.0,0.0,0.004489905272852,0.0,0.0,0.0045,0.0,0.0,0.0,4500.0,4500.0,0.0,0.0,0.9997778271495223,0,0,1,0.0,0.0,0.0,0.0,0.0,0.0045,49,1
2013-01-11 00:00:00,52,0,0.4785,0.0314,0.0,0.0629,0.0,0,4,0,1,1,0.3910280603103949,0.0309171026347215,0.0,0.0610010215573989,0.0,0.5099,0.0629,0.5728,0.06562159744702728,62900.0,8.10638940557384,0.0,0.0,0.8901869933886288,0.10981126080436311,0.0,1,1,0,0.0,0.0,0.0,0.5099,0.0629,0.0,0,0
2013-01-11 00:00:00,52,33,0.0,0.0,0.0,0.0,0.0911,0,4,0,1,1,0.0,0.0,0.0,0.0,0.087186361678916,0.0,0.0,0.0911,0.0,0.0,0.0,91100.0,91100.0,0.0,0.0,0.9999890231720837,0,0,1,0.0,0.0,0.0,0.0,0.0,0.0911,33,1
2013-01-11 00:00:00,52,39,1.2688,1.3758,1.0017,0.7347,71.7526,0,4,0,1,1,0.8192510573556713,0.8653342228733022,0.6939968195145233,0.5508344877852261,4.2870646442446,2.6445999999999996,1.7364000000000002,76.1336,1.0843307973433187,0.7334523974719004,1.5230352896594734,27.131729890444724,41.32259771792345,0.03473630519591474,0.02280727533168962,0.9424564063375908,1,1,1,0.0,0.0,0.0,2.6445999999999996,1.7364000000000002,71.7526,39,1
2013-01-11 00:00:00,52,46,0.0,0.0,0.0,0.0,0.1254,0,4,0,1,1,0.0,0.0,0.0,0.0,0.1181385280170415,0.0,0.0,0.1254,0.0,0.0,0.0,125400.00000000001,125400.00000000001,0.0,0.0,0.9999920255819331,0,0,1,0.0,0.0,0.0,0.0,0.0,0.1254,46,1
2013-01-11 00:00:00,52,49,0.0,0.0,0.0,0.0,0.0046,0,4,0,1,1,0.0,0.0,0.0,0.0,0.0045894523338072,0.0,0.0,0.0046,0.0,0.0,0.0,4600.0,4600.0,0.0,0.0,0.9997826559443599,0,0,1,0.0,0.0,0.0,0.0,0.0,0.0046,49,1
2013-01-11 00:00:00,53,0,0.4538,0.0321,0.0,0.0641,0.0,0,4,0,1,1,0.374180818068398,0.0315955615897505,0.0,0.0621293714655487,0.0,0.4859,0.0641,0.55,0.07073585117705779,64100.00000000001,7.580224957488962,0.0,0.0,0.883452939176474,0.11654524264501337,0.0,1,1,0,0.0,0.0,0.0,0.4859,0.0641,0.0,0,0
2013-01-11 00:00:00,53,33,0.0,0.0,0.0,0.0,0.0898,0,4,0,1,1,0.0,0.0,0.0,0.0,0.0859941931668609,0.0,0.0,0.0898,0.0,0.0,0.0,89800.00000000001,89800.00000000001,0.0,0.0,0.9999888642665449,0,0,1,0.0,0.0,0.0,0.0,0.0,0.0898,33,1
2013-01-11 00:00:00,53,39,1.187,1.3453,0.967,0.7135,68.8741,0,4,0,1,1,0.7825307416946308,0.8524133254853945,0.6765095394069219,0.5385380623325264,4.2466950512492,2.5323,1.6804999999999999,73.0869,1.1333604605219372,0.7378482545519601,1.50687205779705,27.198228014758115,40.9842660016269,0.03464779550579112,0.02299317630118152,0.942359014510685,1,1,1,0.0,0.0,0.0,2.5323,1.6804999999999999,68.8741,39,1
2013-01-11 00:00:00,53,46,0.0,0.0,0.0,0.0,0.1313,0,4,0,1,1,0.0,0.0,0.0,0.0,0.123367413950284,0.0,0.0,0.1313,0.0,0.0,0.0,131300.0,131300.0,0.0,0.0,0.9999923839117753,0,0,1,0.0,0.0,0.0,0.0,0.0,0.1313,46,1
2013-01-11 00:00:00,53,49,0.0,0.0,0.0,0.0,0.0033,0,4,0,1,1,0.0,0.0,0.0,0.0,0.00329456694943,0.0,0.0,0.0033,0.0,0.0,0.0,3300.0,3300.0,0.0,0.0,0.9996970614965162,0,0,1,0.0,0.0,0.0,0.0,0.0,0.0033,49,1
2013-01-11 00:00:00,54,0,0.4853,0.0228,0.0,0.0456,0.0,0,4,0,1,1,0.39561677205335,0.0225439644348945,0.0,0.0445908833278751,0.0,0.5081,0.0456,0.5537,0.04698115190366391,45600.00000000001,11.142299510975636,0.0,0.0,0.9176432767865689,0.08235491718454545,0.0,1,1,0,0.0,0.0,0.0,0.5081,0.0456,0.0,0,0
2013-01-11 00:00:00,54,33,0.0,0.0,0.0,0.0,0.1095,0,4,0,1,1,0.0,0.0,0.0,0.0,0.1039094633905115,0.0,0.0,0.1095,0.0,0.0,0.0,109500.0,109500.0,0.0,0.0,0.999990867663309,0,0,1,0.0,0.0,0.0,0.0,0.0,0.1095,33,1
2013-01-11 00:00:00,54,39,1.3139,1.38,1.0654,0.6987,75.3677,0,4,0,1,1,0.8389344126259262,0.8671004876833833,0.7253239122551665,0.5298632526431283,4.335559831908873,2.6939,1.7641,79.8257,1.050307443254857,0.6558094088516907,1.5270667609167503,27.977160259415616,42.72300735615478,0.03374727645673917,0.022099398788868765,0.9441533122270984,1,1,1,0.0,0.0,0.0,2.6939,1.7641,75.3677,39,1
2013-01-11 00:00:00,54,46,0.0,0.0,0.0,0.0,0.1274,0,4,0,1,1,0.0,0.0,0.0,0.0,0.1199140966653376,0.0,0.0,0.1274,0.0,0.0,0.0,127400.00000000001,127400.00000000001,0.0,0.0,0.9999921507680474,0,0,1,0.0,0.0,0.0,0.0,0.0,0.1274,46,1
2013-01-11 00:00:00,54,49,0.0,0.0,0.0,0.0,0.0231,0,4,0,1,1,0.0,0.0,0.0,0.0,0.0228372339027572,0.0,0.0,0.0231,0.0,0.0,0.0,23100.0,23100.0,0.0,0.0,0.9999567118306566,0,0,1,0.0,0.0,0.0,0.0,0.0,0.0231,49,1
2013-01-11 00:00:00,55,0,0.3634,0.0199,0.0,0.0399,0.0,0,4,0,1,1,0.3099815799465478,0.0197045832743354,0.0,0.03912455468405,0.0,0.3833,0.0399,0.42319999999999997,0.05476044369718301,39900.0,9.606275531941556,0.0,0.0,0.9057161963227875,0.09428144073383571,0.0,1,1,0,0.0,0.0,0.0,0.3833,0.0399,0.0,0,0
2013-01-11 00:00:00,55,33,0.0,0.0,0.0,0.0,0.0962,0,4,0,1,1,0.0,0.0,0.0,0.0,0.0918496536298789,0.0,0.0,0.0962,0.0,0.0,0.0,96200.0,96200.0,0.0,0.0,0.9999896050976601,0,0,1,0.0,0.0,0.0,0.0,0.0,0.0962,33,1
2013-01-11 00:00:00,55,39,1.0563,1.2169,0.9967,0.6695,77.5973,0,4,0,1,1,0.7209082513453356,0.7961098236177704,0.6914958178107148,0.5125241804015721,4.364337347700109,2.2732,1.6662,81.53670000000001,1.152039049475481,0.6717159910544886,1.3643011857512992,34.13569675536831,46.57139204693792,0.02787946988436532,0.020434969523724044,0.9516855483274949,1,1,1,0.0,0.0,0.0,2.2732,1.6662,77.5973,39,1
2013-01-11 00:00:00,55,46,0.0,0.0,0.0,0.0,0.089,0,4,0,1,1,0.0,0.0,0.0,0.0,0.0852598439508234,0.0,0.0,0.089,0.0,0.0,0.0,89000.0,89000.0,0.0,0.0,0.9999887641711891,0,0,1,0.0,0.0,0.0,0.0,0.0,0.089,46,1
2013-01-11 00:00:00,55,49,0.0,0.0,0.0,0.0,0.0292,0,4,0,1,1,0.0,0.0,0.0,0.0,0.028781801425452,0.0,0.0,0.0292,0.0,0.0,0.0,29200.0,29200.0,0.0,0.0,0.9999657545974453,0,0,1,0.0,0.0,0.0,0.0,0.0,0.0292,49,1
2013-01-11 00:00:00,56,0,0.0604,0.0218,0.0,0.0436,0.0,0,4,0,1,1,0.0586461954327334,0.0215657779145605,0.0,0.0426762742804363,0.0,0.0822,0.0436,0.1258,0.36092117680170854,43600.0,1.8852778605995273,0.0,0.0,0.653412929944913,0.3465791209926789,0.0,1,1,0,0.0,0.0,0.0,0.0822,0.0436,0.0,0,0
2013-01-11 00:00:00,56,33,0.0,0.0,0.0,0.0,0.0271,0,4,0,1,1,0.0,0.0,0.0,0.0,0.0267392971896216,0.0,0.0,0.0271,0.0,0.0,0.0,27100.0,27100.0,0.0,0.0,0.9999631009925832,0,0,1,0.0,0.0,0.0,0.0,0.0,0.0271,33,1
2013-01-11 00:00:00,56,39,0.6586,0.4872,0.4195,0.6408,78.2995,0,4,0,1,1,0.5059738730349663,0.3968951574250972,0.3503046969308888,0.4951839277760338,4.373231823450685,1.1458,1.0603,80.5056,0.7397498637262926,1.5275291358065894,1.0806365362288632,68.33603740963746,73.8464832156152,0.014232550105426825,0.013170512198275497,0.9725969252748017,1,1,1,0.0,0.0,0.0,1.1458,1.0603,78.2995,39,1
2013-01-11 00:00:00,56,46,0.0,0.0,0.0,0.0,0.0906,0,4,0,1,1,0.0,0.0,0.0,0.0,0.0867280035098241,0.0,0.0,0.0906,0.0,0.0,0.0,90600.0,90600.0,0.0,0.0,0.9999889625942319,0,0,1,0.0,0.0,0.0,0.0,0.0,0.0906,46,1
2013-01-11 00:00:00,56,49,0.0,0.0,0.0,0.0,0.0252,0,4,0,1,1,0.0,0.0,0.0,0.0,0.0248877155077789,0.0,0.0,0.0252,0.0,0.0,0.0,25200.0,25200.0,0.0,0.0,0.9999603190349589,0,0,1,0.0,0.0,0.0,0.0,0.0,0.0252,49,1
2013-01-11 00:00:00,56,81,0.0,0.0,0.0,0.0763,0.0,0,4,0,1,1,0.0,0.0,0.0,0.0735292332881155,0.0,0.0,0.0763,0.0763,0.0,76300.00000000001,0.0,0.0,0.0,0.0,0.999986894011874,0.0,0,1,0,0.0,0.0,0.0,0.0,0.0763,0.0,81,1
2013-01-11 00:00:00,57,0,0.0211,0.0227,0.0,0.5555,0.0,0,4,0,1,1,0.0208804775793552,0.02244618882983,0.0,0.4417970373555546,0.0,0.043800000000000006,0.5555,0.5992999999999999,1.0757783991280034,555500.0,0.07884774284834771,0.0,0.0,0.07308514419298484,0.9269131871964172,0.0,1,1,0,0.0,0.0,0.0,0.043800000000000006,0.5555,0.0,0,0
2013-01-11 00:00:00,57,33,0.0,0.0,0.0,0.0,0.0023,0,4,0,1,1,0.0,0.0,0.0,0.0,0.0022973590486834,0.0,0.0,0.0023,0.0,0.0,0.0,2300.0,2300.0,0.0,0.0,0.9995654063450673,0,0,1,0.0,0.0,0.0,0.0,0.0,0.0023,33,1
2013-01-11 00:00:00,57,39,0.424,0.4169,0.2778,0.5046,66.0048,0,4,0,1,1,0.353469812989784,0.348471386588044,0.2451398491861058,0.4085270821439841,4.20476425861586,0.8409,0.7824,67.6281,0.9832523979896275,1.8164081482788044,1.074768564968603,78.49294982405777,84.36185536572678,0.012434180282542607,0.011569155253967577,0.9759966496767373,1,1,1,0.0,0.0,0.0,0.8409,0.7824,66.0048,39,1
2013-01-11 00:00:00,57,46,0.0,0.0,0.0,0.0,0.076,0,4,0,1,1,0.0,0.0,0.0,0.0,0.0732504617395926,0.0,0.0,0.076,0.0,0.0,0.0,76000.0,76000.0,0.0,0.0,0.9999868422783911,0,0,1,0.0,0.0,0.0,0.0,0.0,0.076,46,1
2013-01-11 00:00:00,57,49,0.0,0.0,0.0,0.0,0.0023,0,4,0,1,1,0.0,0.0,0.0,0.0,0.0022973590486834,0.0,0.0,0.0023,0.0,0.0,0.0,2300.0,2300.0,0.0,0.0,0.9995654063450673,0,0,1,0.0,0.0,0.0,0.0,0.0,0.0023,49,1
2013-01-11 00:00:00,57,81,0.0,0.0,0.0,0.0791,0.0,0,4,0,1,1,0.0,0.0,0.0,0.0761273603875509,0.0,0.0,0.0791,0.0791,0.0,79100.0,0.0,0.0,0.0,0.0,0.9999873579347922,0.0,0,1,0,0.0,0.0,0.0,0.0,0.0791,0.0,81,1
2013-01-11 00:00:00,58,0,0.1214,0.0002,0.0,0.4704,0.0,0,4,0,1,1,0.1145779047074351,0.0001999800026662,0.0,0.3855344726192856,0.0,0.1216,0.4704,0.592,0.0016474328877027374,470400.0,0.25850285182216876,0.0,0.0,0.20540505843740128,0.7945932523762629,0.0,1,1,0,0.0,0.0,0.0,0.1216,0.4704,0.0,0,0
2013-01-11 00:00:00,58,39,0.7754,0.4969,0.5936,0.5345,62.4746,0,4,0,1,1,0.574025749652082,0.403396302939053,0.4659956078481967,0.4282045950776538,4.150639825877306,1.2723,1.1280999999999999,64.875,0.6408297126261122,0.9004364884830045,1.1278245476247253,49.10363192357784,55.38032498863135,0.019611560391343964,0.01738882439477727,0.9629995997996209,1,1,1,0.0,0.0,0.0,1.2723,1.1280999999999999,62.4746,39,1
2013-01-11 00:00:00,58,46,0.0,0.0,0.0,0.0,0.2041,0,4,0,1,1,0.0,0.0,0.0,0.0,0.1857323999160363,0.0,0.0,0.2041,0.0,0.0,0.0,204100.0,204100.0,0.0,0.0,0.9999951004649659,0,0,1,0.0,0.0,0.0,0.0,0.0,0.2041,46,1
2013-01-11 00:00:00,58,81,0.0,0.0,0.0,0.0791,0.0,0,4,0,1,1,0.0,0.0,0.0,0.0761273603875509,0.0,0.0,0.0791,0.0791,0.0,79100.0,0.0,0.0,0.0,0.0,0.9999873579347922,0.0,0,1,0,0.0,0.0,0.0,0.0,0.0791,0.0,81,1
2013-01-11 00:00:00,59,0,0.0854,0.0,0.0,0.0,0.0,0,4,0,1,1,0.0819485826471674,0.0,0.0,0.0,0.0,0.0854,0.0,0.0854,0.0,0.0,85400.00000000001,0.0,0.0,0.9999882905352396,0.0,0.0,1,0,0,0.0,0.0,0.0,0.0854,0.0,0.0,0,0
2013-01-11 00:00:00,59,39,0.7639,0.3277,0.556,0.4251,60.9631,0,4,0,1,1,0.5675272666352944,0.2834481219197193,0.4421184257561999,0.3542419866970294,4.126539046575985,1.0916000000000001,0.9811000000000001,63.035799999999995,0.4289822895898814,0.7645669702032909,1.1126275480302232,55.847420440252435,62.13743539146326,0.0173171433167003,0.01556417122390497,0.9671186695953939,1,1,1,0.0,0.0,0.0,1.0916000000000001,0.9811000000000001,60.9631,39,1
2013-01-11 04:00:00,9290,370,0.0,0.0,0.0,0.0,0.2414,4,4,0,1,1,0.0,0.0,0.0,0.0,0.2162397749974152,0.0,0.0,0.2414,0.0,0.0,0.0,241400.0,241400.0,0.0,0.0,0.999995857515089,0,0,1,0.0,0.0,0.0,0.0,0.0,0.2414,370,1
2013-01-11 04:00:00,9291,0,0.9586,0.0,0.0,0.0,0.0,4,4,0,1,1,0.672229932304557,0.0,0.0,0.0,0.0,0.9586,0.0,0.9586,0.0,0.0,958600.0,0.0,0.0,0.9999989568131057,0.0,0.0,1,0,0,0.0,0.0,0.0,0.9586,0.0,0.0,0,0
2013-01-11 04:00:00,9291,31,0.0,0.0,0.0,0.0,0.0763,4,4,0,1,1,0.0,0.0,0.0,0.0,0.0735292332881155,0.0,0.0,0.0763,0.0,0.0,0.0,76300.00000000001,76300.00000000001,0.0,0.0,0.999986894011874,0,0,1,0.0,0.0,0.0,0.0,0.0,0.0763,31,1
2013-01-11 04:00:00,9291,32,0.0,0.0,0.0,0.0,0.2852,4,4,0,1,1,0.0,0.0,0.0,0.0,0.2509143482595663,0.0,0.0,0.2852,0.0,0.0,0.0,285200.0,285200.0,0.0,0.0,0.9999964937009338,0,0,1,0.0,0.0,0.0,0.0,0.0,0.2852,32,1
2013-01-11 04:00:00,9291,33,0.0,0.0,0.0,0.0,0.3897,4,4,0,1,1,0.0,0.0,0.0,0.0,0.3290878965103992,0.0,0.0,0.3897,0.0,0.0,0.0,389700.0,389700.0,0.0,0.0,0.9999974339301158,0,0,1,0.0,0.0,0.0,0.0,0.0,0.3897,33,1
2013-01-11 04:00:00,9291,39,1.3676,1.8457,0.8282,0.8,162.7975,4,4,0,1,1,0.8618767838344329,1.045809083008217,0.6033318762375813,0.5877866649021191,5.098630908787233,3.2133,1.6282,167.639,1.3495895367142903,0.9659490872384844,1.973527838393417,50.663632196299076,99.98611964984669,0.019167973925113047,0.00971253700086175,0.9711194831088262,1,1,1,0.0,0.0,0.0,3.2133,1.6282,162.7975,39,1
2013-01-11 04:00:00,9291,43,0.0,0.0,0.0,0.0,0.4744,4,4,0,1,1,0.0,0.0,0.0,0.0,0.3882511273734765,0.0,0.0,0.4744,0.0,0.0,0.0,474400.0,474400.0,0.0,0.0,0.9999978920786424,0,0,1,0.0,0.0,0.0,0.0,0.0,0.4744,43,1
2013-01-11 04:00:00,9291,48,0.0,0.0,0.0,0.0,0.0282,4,4,0,1,1,0.0,0.0,0.0,0.0,0.0278097006392672,0.0,0.0,0.0282,0.0,0.0,0.0,28200.0,28200.0,0.0,0.0,0.9999645402645296,0,0,1,0.0,0.0,0.0,0.0,0.0,0.0282,48,1
2013-01-11 04:00:00,9291,49,0.0,0.0,0.0,0.0,0.0282,4,4,0,1,1,0.0,0.0,0.0,0.0,0.0278097006392672,0.0,0.0,0.0282,0.0,0.0,0.0,28200.0,28200.0,0.0,0.0,0.9999645402645296,0,0,1,0.0,0.0,0.0,0.0,0.0,0.0282,49,1
2013-01-11 04:00:00,9291,353,0.0,0.0,0.0,0.0,0.2654,4,4,0,1,1,0.0,0.0,0.0,0.0,0.2353882777306468,0.0,0.0,0.2654,0.0,0.0,0.0,265400.00000000006,265400.00000000006,0.0,0.0,0.9999962321166839,0,0,1,0.0,0.0,0.0,0.0,0.0,0.2654,353,1
2013-01-11 04:00:00,9291,359,0.0,0.0,0.0,0.0,0.0282,4,4,0,1,1,0.0,0.0,0.0,0.0,0.0278097006392672,0.0,0.0,0.0282,0.0,0.0,0.0,28200.0,28200.0,0.0,0.0,0.9999645402645296,0,0,1,0.0,0.0,0.0,0.0,0.0,0.0282,359,1
2013-01-11 04:00:00,9291,370,0.0,0.0,0.0,0.0,0.1525,4,4,0,1,1,0.0,0.0,0.0,0.0,0.1419334958886665,0.0,0.0,0.1525,0.0,0.0,0.0,152500.0,152500.0,0.0,0.0,0.9999934426659497,0,0,1,0.0,0.0,0.0,0.0,0.0,0.1525,370,1
2013-01-11 04:00:00,9291,420,0.0,0.0,0.0,0.0,0.0565,4,4,0,1,1,0.0,0.0,0.0,0.0,0.0549615580739743,0.0,0.0,0.0565,0.0,0.0,0.0,56500.00000000001,56500.00000000001,0.0,0.0,0.9999823011982089,0,0,1,0.0,0.0,0.0,0.0,0.0,0.0565,420,1
2013-01-11 04:00:00,9291,421,0.0,0.0,0.0,0.0,0.0282,4,4,0,1,1,0.0,0.0,0.0,0.0,0.0278097006392672,0.0,0.0,0.0282,0.0,0.0,0.0,28200.0,28200.0,0.0,0.0,0.9999645402645296,0,0,1,0.0,0.0,0.0,0.0,0.0,0.0282,421,1
2013-01-11 04:00:00,9292,0,1.0391,0.0,0.0,0.0,0.0,4,4,0,1,1,0.7125085340385652,0.0,0.0,0.0,0.0,1.0391,0.0,1.0391,0.0,0.0,1000000.0,0.0,0.0,0.9999990376296434,0.0,0.0,1,0,0,0.0,0.0,0.0,1.0391,0.0,0.0,0,0
2013-01-11 04:00:00,9292,32,0.0,0.0,0.0,0.0,0.1534,4,4,0,1,1,0.0,0.0,0.0,0.0,0.1427141021991752,0.0,0.0,0.1534,0.0,0.0,0.0,153400.00000000003,153400.00000000003,0.0,0.0,0.9999934811376718,0,0,1,0.0,0.0,0.0,0.0,0.0,0.1534,32,1
2013-01-11 04:00:00,9292,33,0.0,0.0,0.0,0.0,0.23,4,4,0,1,1,0.0,0.0,0.0,0.0,0.2070141693843261,0.0,0.0,0.23,0.0,0.0,0.0,230000.00000000003,230000.00000000003,0.0,0.0,0.9999956521928165,0,0,1,0.0,0.0,0.0,0.0,0.0,0.23,33,1
2013-01-11 04:00:00,9292,39,1.78,2.2612,0.9772,0.9006,171.512,4,4,0,1,1,1.0224509277025458,1.1820952258066186,0.6816817024506672,0.6421696257950779,5.1504667992692585,4.0412,1.8778,177.431,1.2703363649795703,0.9216118280681251,2.1520917285697476,42.440848648706165,91.33662193171695,0.0227761776534192,0.01058326892942457,0.9666405477811625,1,1,1,0.0,0.0,0.0,4.0412,1.8778,171.512,39,1
2013-01-11 04:00:00,9292,43,0.0,0.0,0.0,0.0,0.4601,4,4,0,1,1,0.0,0.0,0.0,0.0,0.3785049265253812,0.0,0.0,0.4601,0.0,0.0,0.0,460100.00000000006,460100.00000000006,0.0,0.0,0.9999978265641675,0,0,1,0.0,0.0,0.0,0.0,0.0,0.4601,43,1
2013-01-11 04:00:00,9292,48,0.0,0.0,0.0,0.0,0.0767,4,4,0,1,1,0.0,0.0,0.0,0.0,0.0739008078395342,0.0,0.0,0.0767,0.0,0.0,0.0,76700.00000000001,76700.00000000001,0.0,0.0,0.9999869623603342,0,0,1,0.0,0.0,0.0,0.0,0.0,0.0767,48,1
2013-01-11 04:00:00,9292,49,0.0,0.0,0.0,0.0,0.0767,4,4,0,1,1,0.0,0.0,0.0,0.0,0.0739008078395342,0.0,0.0,0.0767,0.0,0.0,0.0,76700.00000000001,76700.00000000001,0.0,0.0,0.9999869623603342,0,0,1,0.0,0.0,0.0,0.0,0.0,0.0767,49,1
2013-01-11 04:00:00,9292,353,0.0,0.0,0.0,0.0,0.3067,4,4,0,1,1,0.0,0.0,0.0,0.0,0.2675048750129634,0.0,0.0,0.3067,0.0,0.0,0.0,306700.0,306700.0,0.0,0.0,0.9999967394954696,0,0,1,0.0,0.0,0.0,0.0,0.0,0.3067,353,1
2013-01-11 04:00:00,9292,359,0.0,0.0,0.0,0.0,0.0767,4,4,0,1,1,0.0,0.0,0.0,0.0,0.0739008078395342,0.0,0.0,0.0767,0.0,0.0,0.0,76700.00000000001,76700.00000000001,0.0,0.0,0.9999869623603342,0,0,1,0.0,0.0,0.0,0.0,0.0,0.0767,359,1
2013-01-11 04:00:00,9292,420,0.0,0.0,0.0,0.0,0.1534,4,4,0,1,1,0.0,0.0,0.0,0.0,0.1427141021991752,0.0,0.0,0.1534,0.0,0.0,0.0,153400.00000000003,153400.00000000003,0.0,0.0,0.9999934811376718,0,0,1,0.0,0.0,0.0,0.0,0.0,0.1534,420,1
2013-01-11 04:00:00,9292,421,0.0,0.0,0.0,0.0,0.0767,4,4,0,1,1,0.0,0.0,0.0,0.0,0.0739008078395342,0.0,0.0,0.0767,0.0,0.0,0.0,76700.00000000001,76700.00000000001,0.0,0.0,0.9999869623603342,0,0,1,0.0,0.0,0.0,0.0,0.0,0.0767,421,1
2013-01-11 04:00:00,9293,0,0.5674,0.0,0.0,0.3152,0.0,4,4,0,1,1,0.4494181956366272,0.0,0.0,0.2739887453197784,0.0,0.5674,0.3152,0.8826,0.0,315200.0,1.8001211925089073,0.0,0.0,0.6428726004162696,0.3571262665689252,0.0,1,1,0,0.0,0.0,0.0,0.5674,0.3152,0.0,0,0
2013-01-11 04:00:00,9293,32,0.0,0.0,0.0,0.0,0.1534,4,4,0,1,1,0.0,0.0,0.0,0.0,0.1427141021991752,0.0,0.0,0.1534,0.0,0.0,0.0,153400.00000000003,153400.00000000003,0.0,0.0,0.9999934811376718,0,0,1,0.0,0.0,0.0,0.0,0.0,0.1534,32,1
2013-01-11 04:00:00,9293,33,0.0,0.0,0.0,0.0,0.23,4,4,0,1,1,0.0,0.0,0.0,0.0,0.2070141693843261,0.0,0.0,0.23,0.0,0.0,0.0,230000.00000000003,230000.00000000003,0.0,0.0,0.9999956521928165,0,0,1,0.0,0.0,0.0,0.0,0.0,0.23,33,1
2013-01-11 04:00:00,9293,39,1.7916,1.6767,1.0489,0.657,177.5139,4,4,0,1,1,1.0266149081608595,0.9845846925131434,0.7173030637710164,0.5050087384444258,5.184666469336353,3.4683,1.7059,182.68810000000002,0.9358668587481254,0.6263698861951701,2.033119155214752,51.18180342478925,104.05873494417321,0.018984816093742196,0.009337772907278727,0.9716774055251688,1,1,1,0.0,0.0,0.0,3.4683,1.7059,177.5139,39,1
2013-01-11 04:00:00,9293,43,0.0,0.0,0.0,0.0,0.4601,4,4,0,1,1,0.0,0.0,0.0,0.0,0.3785049265253812,0.0,0.0,0.4601,0.0,0.0,0.0,460100.00000000006,460100.00000000006,0.0,0.0,0.9999978265641675,0,0,1,0.0,0.0,0.0,0.0,0.0,0.4601,43,1
2013-01-11 04:00:00,9293,48,0.0,0.0,0.0,0.0,0.0767,4,4,0,1,1,0.0,0.0,0.0,0.0,0.0739008078395342,0.0,0.0,0.0767,0.0,0.0,0.0,76700.00000000001,76700.00000000001,0.0,0.0,0.9999869623603342,0,0,1,0.0,0.0,0.0,0.0,0.0,0.0767,48,1
2013-01-11 04:00:00,9293,49,0.0,0.0,0.0,0.0,0.0767,4,4,0,1,1,0.0,0.0,0.0,0.0,0.0739008078395342,0.0,0.0,0.0767,0.0,0.0,0.0,76700.00000000001,76700.00000000001,0.0,0.0,0.9999869623603342,0,0,1,0.0,0.0,0.0,0.0,0.0,0.0767,49,1
2013-01-11 04:00:00,9293,353,0.0,0.0,0.0,0.0,0.3067,4,4,0,1,1,0.0,0.0,0.0,0.0,0.2675048750129634,0.0,0.0,0.3067,0.0,0.0,0.0,306700.0,306700.0,0.0,0.0,0.9999967394954696,0,0,1,0.0,0.0,0.0,0.0,0.0,0.3067,353,1
2013-01-11 04:00:00,9293,359,0.0,0.0,0.0,0.0,0.0767,4,4,0,1,1,0.0,0.0,0.0,0.0,0.0739008078395342,0.0,0.0,0.0767,0.0,0.0,0.0,76700.00000000001,76700.00000000001,0.0,0.0,0.9999869623603342,0,0,1,0.0,0.0,0.0,0.0,0.0,0.0767,359,1
2013-01-11 04:00:00,9293,420,0.0,0.0,0.0,0.0,0.1534,4,4,0,1,1,0.0,0.0,0.0,0.0,0.1427141021991752,0.0,0.0,0.1534,0.0,0.0,0.0,153400.00000000003,153400.00000000003,0.0,0.0,0.9999934811376718,0,0,1,0.0,0.0,0.0,0.0,0.0,0.1534,420,1
2013-01-11 04:00:00,9293,421,0.0,0.0,0.0,0.0,0.0767,4,4,0,1,1,0.0,0.0,0.0,0.0,0.0739008078395342,0.0,0.0,0.0767,0.0,0.0,0.0,76700.00000000001,76700.00000000001,0.0,0.0,0.9999869623603342,0,0,1,0.0,0.0,0.0,0.0,0.0,0.0767,421,1
2013-01-11 04:00:00,9294,0,0.0,0.0,0.0,0.0932,0.0,4,4,0,1,1,0.0,0.0,0.0,0.0891091750717759,0.0,0.0,0.0932,0.0932,0.0,93200.00000000001,0.0,0.0,0.0,0.0,0.9999892705013894,0.0,0,1,0,0.0,0.0,0.0,0.0,0.0932,0.0,0,0
2013-01-11 04:00:00,9294,32,0.0,0.0,0.0,0.0,0.1534,4,4,0,1,1,0.0,0.0,0.0,0.0,0.1427141021991752,0.0,0.0,0.1534,0.0,0.0,0.0,153400.00000000003,153400.00000000003,0.0,0.0,0.9999934811376718,0,0,1,0.0,0.0,0.0,0.0,0.0,0.1534,32,1
2013-01-11 04:00:00,9294,33,0.0,0.0,0.0,0.0,0.23,4,4,0,1,1,0.0,0.0,0.0,0.0,0.2070141693843261,0.0,0.0,0.23,0.0,0.0,0.0,230000.00000000003,230000.00000000003,0.0,0.0,0.9999956521928165,0,0,1,0.0,0.0,0.0,0.0,0.0,0.23,33,1
2013-01-11 04:00:00,9294,39,3.0539,0.9202,1.2658,1.0959,393.5884,4,4,0,1,1,1.3996793807300132,0.6524293472813865,0.8179278974572511,0.7399830553969771,5.977843196298841,3.9741,2.3617,399.9242,0.3013195254201102,0.8657759000032391,1.6827278304916669,99.03834854725633,166.6546273215788,0.009937133061872392,0.005905369052672059,0.9841574953849817,1,1,1,0.0,0.0,0.0,3.9741,2.3617,393.5884,39,1
2013-01-11 04:00:00,9294,43,0.0,0.0,0.0,0.0,0.4601,4,4,0,1,1,0.0,0.0,0.0,0.0,0.3785049265253812,0.0,0.0,0.4601,0.0,0.0,0.0,460100.00000000006,460100.00000000006,0.0,0.0,0.9999978265641675,0,0,1,0.0,0.0,0.0,0.0,0.0,0.4601,43,1
2013-01-11 04:00:00,9294,48,0.0,0.0,0.0,0.0,0.0767,4,4,0,1,1,0.0,0.0,0.0,0.0,0.0739008078395342,0.0,0.0,0.0767,0.0,0.0,0.0,76700.00000000001,76700.00000000001,0.0,0.0,0.9999869623603342,0,0,1,0.0,0.0,0.0,0.0,0.0,0.0767,48,1
2013-01-11 04:00:00,9294,49,0.0,0.0,0.0,0.0,0.0767,4,4,0,1,1,0.0,0.0,0.0,0.0,0.0739008078395342,0.0,0.0,0.0767,0.0,0.0,0.0,76700.00000000001,76700.00000000001,0.0,0.0,0.9999869623603342,0,0,1,0.0,0.0,0.0,0.0,0.0,0.0767,49,1
2013-01-11 04:00:00,9294,353,0.0,0.0,0.0,0.0,0.3067,4,4,0,1,1,0.0,0.0,0.0,0.0,0.2675048750129634,0.0,0.0,0.3067,0.0,0.0,0.0,306700.0,306700.0,0.0,0.0,0.9999967394954696,0,0,1,0.0,0.0,0.0,0.0,0.0,0.3067,353,1
2013-01-11 04:00:00,9294,359,0.0,0.0,0.0,0.0,0.0767,4,4,0,1,1,0.0,0.0,0.0,0.0,0.0739008078395342,0.0,0.0,0.0767,0.0,0.0,0.0,76700.00000000001,76700.00000000001,0.0,0.0,0.9999869623603342,0,0,1,0.0,0.0,0.0,0.0,0.0,0.0767,359,1
2013-01-11 04:00:00,9294,420,0.0,0.0,0.0,0.0,0.1534,4,4,0,1,1,0.0,0.0,0.0,0.0,0.1427141021991752,0.0,0.0,0.1534,0.0,0.0,0.0,153400.00000000003,153400.00000000003,0.0,0.0,0.9999934811376718,0,0,1,0.0,0.0,0.0,0.0,0.0,0.1534,420,1
2013-01-11 04:00:00,9294,421,0.0,0.0,0.0,0.0,0.0767,4,4,0,1,1,0.0,0.0,0.0,0.0,0.0739008078395342,0.0,0.0,0.0767,0.0,0.0,0.0,76700.00000000001,76700.00000000001,0.0,0.0,0.9999869623603342,0,0,1,0.0,0.0,0.0,0.0,0.0,0.0767,421,1
2013-01-11 04:00:00,9295,32,0.0,0.0,0.0,0.0,0.1534,4,4,0,1,1,0.0,0.0,0.0,0.0,0.1427141021991752,0.0,0.0,0.1534,0.0,0.0,0.0,153400.00000000003,153400.00000000003,0.0,0.0,0.9999934811376718,0,0,1,0.0,0.0,0.0,0.0,0.0,0.1534,32,1
2013-01-11 04:00:00,9295,33,0.0,0.0,0.0,0.0,0.23,4,4,0,1,1,0.0,0.0,0.0,0.0,0.2070141693843261,0.0,0.0,0.23,0.0,0.0,0.0,230000.00000000003,230000.00000000003,0.0,0.0,0.9999956521928165,0,0,1,0.0,0.0,0.0,0.0,0.0,0.23,33,1
2013-01-11 04:00:00,9295,39,3.2481,0.9202,1.2842,1.2075,424.903,4,4,0,1,1,1.446471824152207,0.6524293472813865,0.8260158536343696,0.791860653495978,6.05421162081138,4.1683,2.4917,431.56300000000005,0.28330399824389696,0.9402733684212986,1.672873270107449,101.93673633454013,170.527282366544,0.0096586129727094,0.0057736645500803705,0.9845677201600513,1,1,1,0.0,0.0,0.0,4.1683,2.4917,424.903,39,1
